pred	predLabel
P6	head_of_government
P10	video
P14	graphic_symbol_of_thoroughfare
P15	route_map
P16	highway_system
P17	country
P18	image
P19	place_of_birth
P20	place_of_death
P21	sex_or_gender
P22	father
P25	mother
P26	spouse
P27	country_of_citizenship
P30	continent
P31	instance_of
P35	head_of_state
P36	capital
P37	official_language
P38	currency
P39	position_held
P40	child
P41	flag_image
P47	shares_border_with
P50	author
P51	audio
P53	noble_family
P54	member_of_sports_team
P57	director
P58	screenwriter
P59	constellation
P61	discoverer_or_inventor
P65	site_of_astronomical_discovery
P66	ancestral_home
P69	educated_at
P78	top_level_internet_domain
P81	connecting_line
P84	architect
P85	anthem
P86	composer
P87	librettist
P88	commissioned_by
P91	sexual_orientation
P92	main_regulatory_text
P94	coat_of_arms_image
P97	noble_title
P98	editor
P101	field_of_work
P102	member_of_political_party
P103	native_language
P105	taxon_rank
P106	occupation
P108	employer
P109	signature
P110	illustrator
P111	measured_physical_quantity
P112	founded_by
P113	airline_hub
P114	airline_alliance
P115	home_venue
P117	chemical_structure
P118	league
P119	place_of_burial
P121	item_operated
P122	basic_form_of_government
P123	publisher
P126	maintained_by
P127	owned_by
P128	regulates_molecular_biology
P129	physically_interacts_with
P131	located_in_the_administrative_territorial_entity
P134	has_dialect
P135	movement
P136	genre
P137	operator
P138	named_after
P140	religion
P141	IUCN_conservation_status
P143	imported_from
P144	based_on
P149	architectural_style
P150	contains_administrative_territorial_entity
P154	logo_image
P155	follows
P156	followed_by
P157	killed_by
P158	seal_image
P159	headquarters_location
P161	cast_member
P162	producer
P163	flag
P166	award_received
P167	structure_replaced_by
P169	chief_executive_officer
P170	creator
P171	parent_taxon
P172	ethnic_group
P175	performer
P176	manufacturer
P177	crosses
P178	developer
P179	series
P180	depicts
P181	taxon_range_map_image
P183	endemic_to
P184	doctoral_advisor
P185	doctoral_student
P186	material_used
P189	location_of_discovery
P190	sister_city
P193	main_building_contractor
P194	legislative_body
P195	collection
P196	minor_planet_group
P197	adjacent_station
P199	business_division
P200	lake_inflows
P201	lake_outflow
P205	basin_country
P206	located_next_to_body_of_water
P207	bathymetry_image
P208	executive_body
P209	highest_judicial_authority
P210	party_chief_representative
P212	ISBN_13
P213	ISNI
P214	VIAF_ID
P215	spectral_class
P217	inventory_number
P218	ISO_639_1_code
P219	ISO_639_2_code
P220	ISO_639_3_code
P221	ISO_639_6_code
P223	galaxy_morphological_type
P225	taxon_name
P227	GND_ID
P229	IATA_airline_designator
P230	ICAO_airline_designator
P231	CAS_Registry_Number
P232	EC_no
P233	canonical_SMILES
P234	InChI
P235	InChIKey
P236	ISSN
P237	coat_of_arms
P238	IATA_airport_code
P239	ICAO_airport_code
P240	FAA_airport_code
P241	military_branch
P242	locator_map_image
P243	OCLC_control_number
P244	LCAuth_identifier
P245	ULAN_ID
P246	element_symbol
P247	COSPAR_ID
P248	stated_in
P249	ticker_symbol
P263	official_residence
P264	record_label
P267	ATC_code
P268	BnF_ID
P269	SUDOC_authorities
P270	CALIS
P271	CiNii_author_ID
P272	production_company
P274	chemical_formula
P275	license
P276	location
P277	programming_language
P278	GOST_7_75_97_code
P279	subclass_of
P281	postal_code
P282	writing_system
P286	head_coach
P287	designed_by
P289	vessel_class
P291	place_of_publication
P296	station_code
P297	ISO_3166_1_alpha_2_code
P298	ISO_3166_1_alpha_3_code
P299	ISO_3166_1_numeric_code
P300	ISO_3166_2_code
P301	category_s_main_topic
P303	EE_breed_number
P304	pages
P305	IETF_language_tag
P306	operating_system
P344	director_of_photography
P345	IMDb_ID
P347	Joconde_ID
P348	software_version
P349	NDL_Auth_ID
P350	RKDimages
P351	Entrez_Gene_ID
P352	UniProt_ID
P353	HGNC_gene_symbol
P354	HGNC_ID
P355	subsidiary
P356	DOI
P358	discography
P359	Rijksmonument_ID
P360	is_a_list_of
P361	part_of
P364	original_language_of_work
P366	use
P367	astronomic_symbol_image
P368	Sandbox_CommonsMediaFile
P369	Sandbox_Item
P370	Sandbox_String
P371	presenter
P373	Commons_category
P374	INSEE_municipality_code
P375	space_launch_vehicle
P376	located_on_astronomical_body
P377	SCN
P380	Merimee_ID
P381	PCP_reference_number
P382	CBS_municipality_code
P393	edition_number
P395	licence_plate_code
P396	SBN_ID
P397	parent_astronomical_body
P398	child_astronomical_body
P399	companion_of
P400	platform
P402	OpenStreetMap_Relation_identifier
P403	mouth_of_the_watercourse
P404	game_mode
P405	taxon_author
P406	soundtrack_album
P407	language_of_work_or_name
P408	software_engine
P409	NLA_Australia_ID
P410	military_rank
P411	canonization_status
P412	voice_type
P413	position_played_on_team_speciality
P414	stock_exchange
P415	radio_format
P416	quantity_symbol
P417	patron_saint
P418	seal_description
P421	located_in_time_zone
P423	shooting_handedness
P424	Wikimedia_language_code
P425	field_of_this_occupation
P426	aircraft_registration
P427	taxonomic_type
P428	botanist_author_abbreviation
P429	dantai_code
P432	callsign_of_airline
P433	issue
P434	MusicBrainz_artist_ID
P435	MusicBrainz_work_ID
P436	MusicBrainz_release_group_ID
P437	distribution
P439	German_municipality_key
P440	German_district_key
P442	China_administrative_division_code
P443	pronunciation_audio
P444	review_score
P447	score_by
P449	original_network
P450	astronaut_mission
P451	unmarried_partner
P452	industry
P453	character_role
P454	Structurae_ID_structure
P455	Emporis_building_ID
P457	foundational_text
P458	IMO_ship_number
P459	determination_method
P460	said_to_be_the_same_as
P461	opposite_of
P462	color
P463	member_of
P464	NOR
P465	sRGB_color_hex_triplet
P466	occupant
P467	legislated_by
P468	dan_kyu_rank
P469	lakes_on_river
P470	Eight_Banner_register
P473	local_dialing_code
P474	country_calling_code
P476	CELEX_number
P477	Canadian_Register_of_Historic_Places_ID
P478	volume
P479	input_method
P480	FilmAffinity_ID
P481	Palissy_ID
P483	recorded_at
P484	IMA_Number_broad_sense
P485	archives_at
P486	MeSH_ID
P487	Unicode_character
P488	chairperson
P489	currency_symbol_description
P490	provisional_designation
P491	orbit_diagram
P492	OMIM_ID
P493	ICD_9
P494	ICD_10
P495	country_of_origin
P496	ORCID_iD
P497	CBDB_ID
P498	ISO_4217_code
P500	exclave_of
P501	enclave_within
P502	HURDAT_identifier
P503	ISO_standard
P504	home_port
P505	general_manager
P506	ISO_15924_alpha_4_code
P507	Swedish_county_code
P508	BNCF_Thesaurus
P509	cause_of_death
P511	honorific_prefix
P512	academic_degree
P514	interleaves_with
P515	phase_of_matter
P516	powerplant
P517	interaction
P518	applies_to_part
P520	armament
P521	scheduled_service_destination
P522	type_of_orbit
P523	temporal_range_start
P524	temporal_range_end
P525	Swedish_municipality_code
P527	has_part
P528	catalog_code
P529	runway
P530	diplomatic_relation
P531	diplomatic_mission_sent
P532	port_of_registry
P533	target
P534	streak_color
P535	Find_a_Grave_grave_ID
P536	ATP_player_ID
P537	twinning
P538	fracturing
P539	Museofile
P541	office_contested
P542	officially_opened_by
P543	oath_made_by
P545	torch_lit_by
P546	docking_port
P547	commemorates
P548	version_type
P549	Mathematics_Genealogy_Project_ID
P550	chivalric_order
P551	residence
P552	handedness
P553	website_account_on
P554	website_username
P555	doubles_record
P556	crystal_system
P557	DiseasesDB
P558	unit_symbol
P559	terminus
P560	direction
P561	NATO_reporting_name
P562	central_bank_issuer
P563	ICD_O
P564	singles_record
P565	crystal_habit
P566	basionym
P567	underlies
P568	overlies
P569	date_of_birth
P570	date_of_death
P571	inception
P574	date_of_taxon_name_publication
P575	time_of_discovery
P576	dissolved_abolished_or_demolished
P577	publication_date
P578	Sandbox_TimeValue
P579	IMA_status_and_or_rank
P580	start_time
P582	end_time
P585	point_in_time
P586	IPNI_author_ID
P587	MMSI
P588	coolant
P589	point_group
P590	GNIS_ID
P591	EC_number
P592	ChEMBL_ID
P593	HomoloGene_ID
P594	Ensembl_Gene_ID
P595	Guide_to_Pharmacology_Ligand_ID
P597	WTA_player_ID
P598	commander_of
P599	ITF_ID
P600	Wine_AppDB_ID
P604	MedlinePlus_ID
P605	NUTS_code
P606	first_flight
P607	conflict
P608	exhibition_history
P609	terminus_location
P610	highest_point
P611	religious_order
P612	mother_house
P613	OS_grid_reference
P617	yard_number
P618	source_of_energy
P619	time_of_spacecraft_launch
P620	time_of_spacecraft_landing
P621	time_of_spacecraft_orbit_decay
P622	spacecraft_docking_undocking_date
P624	guidance_system
P625	coordinate_location
P626	Sandbox_GeoCoordinateValue
P627	IUCN_ID
P628	E_number
P629	edition_or_translation_of
P630	Paris_city_digital_code
P631	structural_engineer
P632	cultural_properties_of_Belarus_reference_number
P633	Quebec_cultural_heritage_directory_ID
P634	captain
P635	ISTAT_ID
P636	route_of_administration
P637	RefSeq_Protein_ID
P638	PDB_ID
P639	RefSeq_RNA_ID
P640	Leonore_ID
P641	sport
P642	of
P644	genomic_start
P645	genomic_end
P646	Freebase_ID
P647	drafted_by
P648	Open_Library_ID
P649	NRHP_reference_number
P650	RKDartists_ID
P651	Biografisch_Portaal_number
P652	UNII
P653	PubMed_Health
P654	direction_relative_to_location
P655	translator
P656	RefSeq
P657	RTECS_number
P658	tracklist
P659	genomic_assembly
P660	EC_classification
P661	ChemSpider_ID
P662	PubChem_CID
P663	DSM_IV
P664	organizer
P665	KEGG_ID
P667	ICPC_2_ID
P668	GeneReviews_ID
P669	located_on_street
P670	street_number
P671	Mouse_Genome_Informatics_ID
P672	MeSH_Code
P673	eMedicine
P674	characters
P675	Google_Books_ID
P676	lyrics_by
P677	USOP_code
P678	incertae_sedis
P679	ZVG_number
P680	molecular_function
P681	cell_component
P682	biological_process
P683	ChEBI_ID
P684	ortholog
P685	NCBI_Taxonomy_ID
P686	Gene_Ontology_ID
P687	BHL_Page_ID
P688	encodes
P689	afflicts
P690	space_group
P691	NKCR_AUT_ID
P692	Gene_Atlas_Image
P693	cleavage
P694	replaced_synonym_for_nom_nov
P695	UN_number
P696	Neurolex_ID
P697	ex_taxon_author
P698	PubMed_ID
P699	Disease_Ontology_ID
P700	Kemler_code
P701	Dodis
P702	encoded_by
P703	found_in_taxon
P704	Ensembl_Transcript_ID
P705	Ensembl_Protein_ID
P706	located_on_terrain_feature
P707	satellite_bus
P708	diocese
P709	Historic_Scotland_ID
P710	participant
P711	Strunz_8th_edition_series_ID_updated
P712	Nickel_Strunz_9th_edition_updated_2009
P713	Nickel_Strunz_10th_pending_edition
P714	Dana_8th_edition
P715	Drugbank_ID
P716	JPL_Small_Body_Database_ID
P717	Minor_Planet_Center_observatory_code
P718	Canmore_ID
P720	asteroid_spectral_type
P721	OKATO_ID
P722	UIC_station_code
P723	DBNL_author_ID
P724	Internet_Archive_ID
P725	voice_actor
P726	candidate
P727	Europeana_ID
P728	GHS_hazard_statement
P729	service_entry
P730	service_retirement
P731	Litholex_ID
P732	BGS_Lexicon_ID
P733	DINOloket
P734	family_name
P735	given_name
P736	cover_artist
P737	influenced_by
P739	ammunition
P740	location_of_formation
P741	playing_hand
P742	pseudonym
P744	asteroid_family
P745	Low_German_Bibliography_and_Biography_ID
P746	date_of_disappearance
P747	editions
P748	appointed_by
P749	parent_organization
P750	distributor
P751	introduced_feature
P756	removed_feature
P757	World_Heritage_Site_ID
P758	Kulturminne_ID
P759	Alberta_Register_of_Historic_Places_ID
P760	DPLA_ID
P761	Lake_ID_Sweden_
P762	Czech_cultural_heritage_ID
P763	PEI_Register_of_Historic_Places_ID
P764	OKTMO_ID
P765	surface_played_on
P767	contributor_s_to_the_subject
P768	electoral_district
P769	significant_drug_interaction
P770	cause_of_destruction
P771	Swiss_municipality_code
P772	INE_municipality_code
P773	ISO_3166_3
P774	FIPS_55_3_locations_in_the_US_
P775	Swedish_urban_area_code
P776	Swedish_minor_urban_area_code
P777	Swedish_civil_parish_code_ATA_code
P778	Church_of_Sweden_parish_code
P779	Church_of_Sweden_Pastoratskod
P780	symptoms
P781	Sikart
P782	LAU
P783	hymenium_type
P784	mushroom_cap_shape
P785	hymenium_attachment
P786	stipe_character
P787	spore_print_color
P788	mushroom_ecological_type
P789	edibility
P790	approved_by
P791	ISIL_ID
P792	chapter
P793	significant_event
P794	as
P795	located_on_linear_feature
P796	geo_datum
P797	authority
P798	military_designation
P799	Air_Ministry_specification_ID
P800	notable_work
P802	student
P803	professorship
P804	GNIS_Antarctica_ID
P805	subject_of_the_statement
P806	Italian_cadastre_code
P807	separated_from
P808	code_Bien_de_Interes_Cultural
P809	WDPA_id
P811	academic_minor
P812	academic_major
P813	retrieved
P814	IUCN_protected_areas_category
P815	ITIS_TSN
P816	decays_to
P817	decay_mode
P818	arXiv_ID
P819	ADS_bibcode
P820	arXiv_classification
P821	CGNDB_Unique_ID
P822	mascot
P823	speaker
P824	Meteoritical_Bulletin_Database_ID
P825	dedicated_to
P826	tonality
P827	BBC_programme_ID
P828	has_cause
P829	OEIS_ID
P830	Encyclopedia_of_Life_ID
P831	parent_club
P832	public_holiday
P833	interchange_station
P834	train_depot
P835	author_citation_zoology_
P836	GSS_code_2011_
P837	day_in_year_for_periodic_occurrence
P838	BioLib_ID
P839	IMSLP_ID
P840	narrative_location
P841	feast_day
P842	Fossilworks_ID
P843	SIRUTA_code
P844	UBIGEO_code
P845	Saskatchewan_Register_of_Heritage_Property_ID
P846	Global_Biodiversity_Information_Facility_ID
P847	United_States_Navy_aircraft_designation
P849	Japanese_military_aircraft_designation
P850	WoRMS_ID
P852	ESRB_rating
P853	CERO_rating
P854	reference_URL
P855	Sandbox_URL
P856	official_website
P858	ESPNscrum_player_ID
P859	sponsor
P860	e_archiv_li_ID
P861	PremiershipRugby_com_ID
P862	Operational_Requirement_of_the_UK_Air_Ministry
P863	InPhO_ID
P864	ACM_Digital_Library_author_ID
P865	BMLO
P866	Perlentaucher_ID
P867	ROME_Occupation_Code_v3_
P868	foods_traditionally_associated
P870	instrumentation
P872	printed_by
P873	phase_point
P874	UN_class
P875	UN_code_classification
P876	UN_packaging_group
P877	NFPA_Other
P878	avionics
P879	pennant_number
P880	CPU
P881	type_of_variable_star
P882	FIPS_6_4_US_counties_
P883	FIPS_5_2_code_for_US_states_
P884	State_Water_Register_Code_Russia_
P885	origin_of_the_watercourse
P886	LIR
P887	based_on_heuristic
P888	JSTOR_article_ID
P889	Mathematical_Reviews_ID
P892	RfC_ID
P893	Social_Science_Research_Network_ID
P894	zbMATH_ID
P897	United_States_Army_and_Air_Force_aircraft_designation
P898	IPA_transcription
P901	FIPS_10_4_countries_and_regions_
P902	HDS_ID
P905	PORT_film_ID
P906	SELIBR
P908	PEGI_rating
P909	Nova_Scotia_Register_of_Historic_Places_ID
P910	topic_s_main_category
P911	South_African_municipality_code
P912	has_facility
P913	notation
P914	USK_rating
P915	filming_location
P916	GSRR_rating
P917	GRAU_index
P918	NOC_Occupation_Code
P919	SOC_Code_2010_
P920	LEM_ID
P921	main_subject
P922	magnetic_ordering
P923	medical_examinations
P924	medical_treatment
P925	presynaptic_connection
P926	postsynaptic_connection
P927	anatomical_location
P928	activating_neurotransmitter
P929	color_space
P930	type_of_electrification
P931	place_served_by_airport
P932	PMCID
P933	heritagefoundation_ca_ID
P935	Commons_gallery
P937	work_location
P938	FishBase_species_ID
P939	KSH_code
P940	GHS_precautionary_statements
P941	inspired_by
P942	theme_music
P943	programmer
P944	Code_of_nomenclature
P945	allegiance
P946	ISIN
P947	RSL_ID_person_
P948	Wikivoyage_banner
P949	National_Library_of_Israel_ID
P950	BNE_ID
P951	NSZL_ID
P952	ISCO_occupation_code
P953	full_work_available_at
P954	IBNR_ID
P957	ISBN_10
P958	section_verse_or_paragraph
P959	MSW_ID
P960	Tropicos_ID
P961	IPNI_plant_ID
P962	MycoBank_taxon_name_ID
P963	streaming_media_URL
P964	Austrian_municipality_key
P965	burial_plot_reference
P966	MusicBrainz_label_ID
P967	guest_of_honor
P968	e_mail
P969	located_at_street_address
P970	neurological_function
P971	category_combines_topics
P972	catalog
P973	described_at_URL
P974	tributary
P980	code_for_weekend_and_holiday_homes_Sweden_
P981	BAG_code_for_Dutch_locations
P982	MusicBrainz_area_ID
P984	IOC_country_code
P988	Philippine_Standard_Geographic_Code
P989	spoken_text_audio
P990	audio_recording_of_the_subject_s_spoken_voice
P991	successful_candidate
P993	NFPA_Health
P994	NFPA_Fire
P995	NFPA_Reactivity
P996	scanned_file_on_Wikimedia_Commons
P998	DMOZ_ID
P999	ARICNS
P1000	record_held
P1001	applies_to_territorial_jurisdiction
P1002	engine_configuration
P1003	NLR_Romania_ID
P1004	MusicBrainz_place_ID
P1005	PTBNP_ID
P1006	National_Thesaurus_for_Author_Names_ID
P1007	Lattes_Platform_number
P1010	Iran_statistics_ID
P1011	excluding
P1012	including
P1013	criterion_used
P1014	AAT_ID
P1015	BIBSYS_ID
P1016	asteroid_taxonomy
P1017	BAV_ID
P1018	language_regulatory_body
P1019	feed_URL
P1021	KldB_2010_occupation_code
P1022	CNO_11_occupation_code
P1023	SBC_2010_occupation_code
P1024	SBFI_occupation_code
P1025	SUDOC_editions
P1026	doctoral_thesis
P1027	conferred_by
P1028	donated_by
P1029	crew_member
P1030	light_characteristic_of_a_lighthouse
P1031	legal_citation_of_this_text
P1032	Digital_Rights_Management_system
P1033	GHS_signal_word
P1034	main_food_source
P1035	honorific_suffix
P1036	Dewey_Decimal_Classification
P1037	manager_director
P1038	relative
P1039	type_of_kinship
P1040	film_editor
P1041	sockets_supported
P1042	ZDB_ID
P1043	IDEO_Job_ID
P1044	SWB_editions
P1045	Sycomore_ID
P1046	discovery_method
P1047	Catholic_Hierarchy_person_ID
P1048	NCL_ID
P1049	worshipped_by
P1050	medical_condition
P1051	PSH_ID
P1052	Portuguese_Job_Code_CPP_2010
P1053	ResearcherID
P1054	NDL_bib_ID
P1055	NLM_Unique_ID
P1056	product_or_material_produced
P1057	chromosome
P1058	ERA_Journal_ID
P1059	CVR_number
P1060	pathogen_transmission_process
P1064	track_gauge
P1065	archive_URL
P1066	student_of
P1067	Thailand_central_administrative_unit_code
P1068	instruction_set
P1069	Statistics_Denmarks_classification_of_occupation_DISCO_08_
P1070	PlantList_ID
P1071	location_of_final_assembly
P1072	readable_file_format
P1073	writable_file_format
P1074	fictional_analog_of
P1075	rector
P1076	ICTV_virus_ID
P1077	KOATUU_identifier
P1078	valvetrain_configuration
P1079	launch_contractor
P1080	from_fictional_universe
P1081	Human_Development_Index
P1082	population
P1083	maximum_capacity
P1084	EUL_editions
P1085	LibraryThing_work_ID
P1086	atomic_number
P1087	Elo_rating
P1088	Mohs_hardness
P1090	redshift
P1092	total_produced
P1093	gross_tonnage
P1096	orbital_eccentricity
P1097	g_factor
P1098	number_of_speakers
P1099	number_of_masts
P1100	number_of_cylinders
P1101	floors_above_ground
P1102	flattening
P1103	number_of_platform_tracks
P1104	number_of_pages
P1106	Sandbox_Quantity
P1107	proportion
P1108	electronegativity
P1109	refractive_index
P1110	attendance
P1111	votes_received
P1112	Pokedex_number
P1113	number_of_episodes
P1114	quantity
P1115	ATVK_ID
P1116	ELSTAT_geographical_code
P1117	pKa
P1120	number_of_deaths
P1121	oxidation_state
P1122	spin_quantum_number
P1123	parity
P1124	TEU
P1125	Gini_coefficient
P1126	isospin_quantum_number
P1127	isospin_z_component
P1128	employees
P1129	national_team_caps
P1132	number_of_participants
P1133	DGO4_identifier
P1135	nomenclatural_status
P1136	solved_by
P1137	fossil_found_in_this_unit
P1138	Kunstindeks_Danmark_Artist_ID
P1139	floors_below_ground
P1140	EHAK_id
P1141	number_of_processor_cores
P1142	political_ideology
P1143	BN_Argentine_editions
P1144	LCOC_LCCN_bibliographic_
P1145	Lagrangian_point
P1146	IAAF_ID
P1148	neutron_number
P1149	Library_of_Congress_Classification
P1150	Regensburg_Classification
P1151	topic_s_main_Wikimedia_portal
P1153	Scopus_Author_ID
P1154	Scopus_EID
P1155	Scopus_Affiliation_ID
P1156	Scopus_Source_ID
P1157	US_Congress_Bio_ID
P1158	location_of_landing
P1159	CODEN
P1160	ISO_4_abbreviation
P1161	Z39_5_abbreviation
P1162	Bluebook_abbreviation
P1163	media_type
P1164	cardinality_of_the_group
P1165	home_world
P1167	USB_ID
P1168	municipality_code_Denmark_
P1170	transmitted_signal_type
P1171	approximation_algorithm
P1172	Geokod
P1174	visitors_per_year
P1181	numeric_value
P1182	LIBRIS_editions
P1183	GermanWaterId
P1184	handle
P1185	Rodovid_ID
P1186	MEP_directory_ID
P1187	Dharma_Drum_Buddhist_College_person_ID
P1188	Dharma_Drum_Buddhist_College_place_ID
P1189	Chinese_Library_Classification
P1190	Universal_Decimal_Classification
P1191	first_performance
P1192	connecting_service
P1193	prevalence
P1194	received_signal_type
P1195	file_extension
P1196	manner_of_death
P1198	unemployment_rate
P1199	mode_of_inheritance
P1200	bodies_of_water_basin_category
P1201	space_tug
P1202	carries_scientific_instrument
P1203	Finnish_municipality_number
P1204	Wikimedia_portal_s_main_topic
P1207	NUKAT_WarsawU_authorities
P1208	ISMN
P1209	CN
P1210	supercharger
P1211	fuel_system
P1212	Atlas_ID
P1213	NLC_authorities
P1214	Riksdagen_person_id
P1215	apparent_magnitude
P1216	National_Heritage_List_for_England_number
P1217	Internet_Broadway_Database_venue_ID
P1218	Internet_Broadway_Database_production_ID
P1219	Internet_Broadway_Database_show_ID
P1220	Internet_Broadway_Database_person_ID
P1221	compressor_type
P1222	_deprecated_NARA_person_ID
P1225	National_Archives_Identifier
P1227	astronomical_filter
P1229	Openpolis_ID
P1230	JSTOR_journal_code
P1232	Linguist_list_code
P1233	ISFDB_author_ID
P1234	ISFDB_publication_ID
P1235	ISFDB_series_ID
P1236	Parsons_code
P1237	Box_Office_Mojo_film_ID
P1238	Swedish_Football_Association_ID
P1239	ISFDB_publisher_ID
P1240	Danish_Bibliometric_Research_Indicator_level
P1241	Swiss_Football_Association_Club_Number
P1242	Theatricalia_play_ID
P1243	International_Standard_Recording_Code
P1245	OmegaWiki_Defined_Meaning
P1246	patent_number
P1247	compression_ratio
P1248	KulturNav_id
P1249	time_of_earliest_written_record
P1250	Danish_Bibliometric_Research_Indicator_BFI_SNO_CNO
P1251	ABS_ASCL_code
P1252	AUSTLANG_code
P1253	BCU_Ecrivainsvd
P1254	Slovenska_biografija_ID
P1255	Helveticarchives_ID
P1256	Iconclass_notation
P1257	depicts_Iconclass_notation
P1258	Rotten_Tomatoes_ID
P1259	coordinates_of_the_point_of_view
P1260	Cultural_heritage_database_in_Sweden
P1261	Rundata
P1262	RAA_number
P1263	NNDB_people_ID
P1264	valid_in_period
P1265	AlloCine_film_ID
P1266	AlloCine_person_ID
P1267	AlloCine_series_ID
P1268	represents_organisation
P1269	facet_of
P1270	Norwegian_Register_journal_ID
P1271	Norway_Database_for_Statistics_on_Higher_education_publisher_ID
P1272	Norway_Import_Service_and_Registration_Authority_periodical_code
P1273	CANTIC_ID
P1274	ISFDB_title_ID
P1275	Norway_Import_Service_and_Registration_Authority_publisher_code
P1276	Dictionnaire_du_Jura_ID
P1277	Jufo_ID
P1278	Legal_Entity_ID
P1279	inflation_rate
P1280	CONOR_ID
P1281	WOEID
P1282	OpenStreetMap_tag_or_key
P1283	filmography
P1284	Munzinger_IBA
P1285	Munzinger_Sport_number
P1286	Munzinger_Pop_ID
P1287	KDG_Komponisten_der_Gegenwart
P1288	KLG_Kritisches_Lexikon_der_Gegenwartsliteratur
P1289	KLfG_Critical_Dictionary_of_foreign_contemporary_literature
P1290	godparent
P1291	Association_Authors_of_Switzerland_ID
P1292	DNB_editions
P1293	Royal_Aero_Club_Aviator_s_Certificate_ID
P1294	WWF_ecoregion_code
P1295	emissivity
P1296	Gran_Enciclopedia_Catalana_ID
P1297	IRS_Employer_Identification_Number
P1299	depicted_by
P1300	bibcode
P1301	number_of_elevators
P1302	primary_destinations
P1303	instrument
P1304	central_bank
P1305	Skyscraper_Center_ID
P1307	Swiss_parliament_ID
P1308	officeholder
P1309	EGAXA_ID
P1310	statement_disputed_by
P1311	lostbridges_org_ID
P1312	has_facet_polytope
P1313	office_held_by_head_of_government
P1314	number_of_spans
P1315	People_Australia_ID
P1316	SMDB_ID
P1317	floruit
P1318	proved_by
P1319	earliest_date
P1320	OpenCorporates_ID
P1321	place_of_origin_Switzerland_
P1322	dual_to
P1323	Terminologia_Anatomica_98_ID
P1324	source_code_repository
P1325	external_data_available_at
P1326	latest_date
P1327	professional_or_sports_partner
P1329	phone_number
P1330	MusicBrainz_instrument_ID
P1331	PACE_member_ID
P1332	coordinate_of_northernmost_point
P1333	coordinate_of_southernmost_point
P1334	coordinate_of_easternmost_point
P1335	coordinate_of_westernmost_point
P1336	territory_claimed_by
P1338	EPSG_ID
P1339	number_of_injured
P1340	eye_color
P1341	Italian_Chamber_of_Deputies_ID
P1342	number_of_seats
P1343	described_by_source
P1344	participant_of
P1345	number_of_victims_made_by_killer
P1346	winner
P1347	military_casualty_classification
P1348	AlgaeBase_URL
P1349	ploidy
P1350	number_of_matches_played
P1351	number_of_points_goals_set_scored
P1352	ranking
P1353	original_spelling
P1354	shown_with_features
P1355	number_of_wins
P1356	losses
P1357	matches_games_drawn_tied
P1358	points_for
P1359	number_of_points_goals_conceded
P1360	Monte_Carlo_Particle_Number
P1362	Theaterlexikon_der_Schweiz_online_ID
P1363	points_goal_scored_by
P1364	ITTF_ID
P1365	replaces
P1366	replaced_by
P1367	Art_UK_artist_ID
P1368	LNB_ID
P1369	Iranian_National_Heritage_registration_number
P1370	IHSI_ID
P1371	ASI_Monument_ID
P1372	binding_of_software_library
P1373	daily_patronage
P1375	NSK_ID
P1376	capital_of
P1377	MTR_station_code
P1378	China_railway_TMIS_station_code
P1380	UglyBridges_com_ID
P1381	bridgehunter_com_ID
P1382	coincident_with
P1383	contains_settlement
P1385	Enciclopedia_Acoriana_ID
P1386	Japanese_High_School_Code
P1387	political_alignment
P1388	German_regional_key
P1389	product_certification
P1390	match_time_of_event
P1391	Index_Fungorum_ID
P1392	ComicBookDB_ID
P1393	proxy
P1394	Glottolog_code
P1395	National_Cancer_Institute_ID
P1396	Linguasphere_code
P1397	State_Catalogue_of_Geographical_Names_Russia_ID
P1398	structure_replaces
P1399	convicted_of
P1400	FCC_Facility_ID
P1401	bug_tracking_system
P1402	Foundational_Model_of_Anatomy_ID
P1403	original_combination
P1404	World_Glacier_Inventory_ID
P1406	script_directionality
P1407	MusicBrainz_series_ID
P1408	licensed_to_broadcast_to
P1409	Cycling_Archives_cyclist_ID
P1410	number_of_representatives_in_an_organization_legislature
P1411	nominated_for
P1412	languages_spoken_written_or_signed
P1414	GUI_toolkit_or_framework
P1415	Oxford_Biography_Index_Number
P1416	affiliation
P1417	Encyclopaedia_Britannica_Online_ID
P1418	orbits_completed
P1419	shape
P1420	taxon_synonym
P1421	GRIN_URL
P1422	Sandrart_net_person_ID
P1423	template_s_main_topic
P1424	topic_s_main_template
P1425	ecoregion_WWF_
P1427	start_point
P1428	Lost_Art_ID
P1429	has_pet
P1430	OpenPlaques_subject_ID
P1431	executive_producer
P1432	B_side
P1433	published_in
P1434	takes_place_in_fictional_universe
P1435	heritage_status
P1436	collection_or_exhibition_size
P1437	plea
P1438	Jewish_Encyclopedia_ID_Russian_
P1439	Norsk_filmografi_ID
P1440	FIDE_ID
P1441	present_in_work
P1442	image_of_grave
P1443	score_method
P1444	destination_point
P1445	fictional_universe_described_in
P1446	number_of_missing
P1447	Sports_Reference_ID
P1448	official_name
P1449	nickname
P1450	Sandbox_Monolingual_text
P1451	motto_text
P1453	catholic_ru_ID
P1454	legal_form
P1455	list_of_works
P1456	list_of_monuments
P1457	absolute_magnitude
P1458	color_index
P1459	Cadw_Building_ID
P1460	NIEA_building_ID
P1461	Patientplus_ID
P1462	standards_body
P1463	PRDL_Author_ID
P1464	category_for_people_born_here
P1465	category_for_people_who_died_here
P1466	WALS_lect_code
P1467	WALS_genus_code
P1468	WALS_family_code
P1469	FIFA_player_ID
P1470	maximum_glide_ratio
P1471	reporting_mark
P1472	Commons_Creator_page
P1473	Nupill_Literatura_Digital_Author
P1474	Nupill_Literatura_Digital_Document
P1476	title
P1477	birth_name
P1478	has_immediate_cause
P1479	has_contributing_factor
P1480	sourcing_circumstances
P1481	vici_org_ID
P1482	Stack_Exchange_tag
P1483	kulturnoe_nasledie_ru_ID
P1529	Gertrude_identifier
P1531	parent_s_of_this_hybrid
P1532	country_for_sport
P1533	family_name_identical_to_this_given_name
P1534	end_cause
P1535	used_by
P1536	immediate_cause_of
P1537	contributing_factor_of
P1538	number_of_households
P1539	female_population
P1540	male_population
P1541	Cycling_Quotient_male_cyclist_ID
P1542	cause_of
P1543	monogram
P1544	Federal_Register_Document_Number
P1545	series_ordinal
P1546	motto
P1547	depends_on_software
P1548	maximum_Strahler_number
P1549	demonym
P1550	Orphanet_ID
P1551	Exceptional_heritage_of_Wallonia_ID
P1552	has_quality
P1553	Yandex_Music_artist_ID
P1554	UBERON_ID
P1555	Executive_Order_number
P1556	zbMATH_author_ID
P1557	manifestation_of
P1558	tempo_marking
P1559	name_in_native_language
P1560	given_name_version_for_other_gender
P1561	number_of_survivors
P1562	AllMovie_movie_ID
P1563	MacTutor_id_biographies_
P1564	At_the_Circulating_Library_ID
P1565	Enciclopedia_de_la_Literatura_en_Mexico_ID
P1566	GeoNames_ID
P1567	NIS_INS_code
P1568	domain
P1571	codomain
P1573	BBC_Genome_ID
P1574	exemplar_of
P1575	RISS_catalog
P1576	lifestyle
P1577	Gregory_Aland_Number
P1578	Gmelin_number
P1579	Beilstein_Registry_Number
P1580	University_of_Barcelona_authority_ID
P1581	official_blog
P1582	natural_product_of_taxon
P1583	MalaCards_ID
P1584	Pleiades_ID
P1585	Brazilian_municipality_code
P1586	Catalan_object_of_cultural_interest_ID
P1587	Slovene_Cultural_Heritage_Register_ID
P1588	desa_code_of_Indonesia
P1589	deepest_point
P1590	number_of_casualties
P1591	defendant
P1592	prosecutor
P1593	defender
P1594	judge
P1595	charge
P1596	penalty
P1598	consecrator
P1599	Cambridge_Alumni_Database_ID
P1600	code_Inventari_del_Patrimoni_Arquitectonic_de_Catalunya
P1601	Esperantist_ID
P1602	Art_UK_venue_ID
P1603	number_of_cases
P1604	biosafety_level
P1605	has_natural_reservoir
P1606	natural_reservoir_of
P1607	Dialnet_author_ID
P1608	Dialnet_book_ID
P1609	Dialnet_journal
P1610	Dialnet_article
P1611	NATO_code_for_grade
P1612	Commons_Institution_page
P1613	IRC_channel
P1614	History_of_Parliament_ID
P1615	CLARA_ID
P1616	SIREN_number
P1617	BBC_Things_ID
P1618	sport_number
P1619	date_of_official_opening
P1620	plaintiff
P1621	detail_map
P1622	driving_side
P1624	MarineTraffic_Port_ID
P1625	has_melody
P1626	Thai_cultural_heritage_ID
P1627	Ethnologue_com_code
P1628	equivalent_property
P1629	subject_item_of_this_property
P1630	formatter_URL
P1631	China_Vitae_ID
P1632	Hermann_Mauguin_notation
P1635	religious_name
P1636	date_of_baptism_in_early_childhood
P1637	undercarriage
P1638	codename
P1639	pendant_of
P1640	curator
P1641	port
P1642	acquisition_transaction
P1643	departure_transaction
P1644	EgliseInfo_ID
P1645	NIST_CODATA_ID
P1646	mandatory_qualifier
P1647	subproperty_of
P1648	Dictionary_of_Welsh_Biography_ID
P1649	KMDb_person_ID
P1650	BBF_ID
P1651	YouTube_video_ID
P1652	referee
P1653	TERYT_municipality_code
P1654	wing_configuration
P1656	unveiled_by
P1657	MPAA_film_rating
P1659	see_also
P1660	has_index_case
P1661	Alexa_rank
P1662	DOI_Prefix
P1663	ProCyclingStats_cyclist_ID
P1664	Cycling_Database_ID
P1665	Chess_Games_ID
P1666	Chess_Club_ID
P1667	TGN_ID
P1668	ATCvet
P1669	CONA_ID
P1670	LAC_ID
P1671	route_number
P1672	this_taxon_is_source_of
P1673	general_formula
P1674	number_confirmed
P1675	number_probable
P1676	number_suspected
P1677	index_case_of
P1678	has_vertex_figure
P1679	Art_UK_artwork_ID
P1680	subtitle
P1683	quote
P1684	inscription
P1685	Pokemon_browser_number
P1686	for_work
P1687	Wikidata_property
P1688	AniDB_ID
P1689	central_government_debt_as_a_percent_of_GDP
P1690	ICD_10_PCS
P1691	operations_and_procedures_key_OPS_
P1692	ICD_9_CM
P1693	Terminologia_Embryologica
P1694	Terminologia_Histologica
P1695	NLP_ID
P1696	inverse_of
P1697	total_valid_votes
P1699	SkyscraperPage_building_id
P1700	SIPA_ID
P1702	IGESPAR_ID
P1703	is_pollinated_by
P1704	is_pollinator_of
P1705	native_label
P1706	together_with
P1707	DAAO_ID
P1708	LfDS_object_ID
P1709	equivalent_class
P1710	Saechsische_Biografie
P1711	British_Museum_person_institution
P1712	Metacritic_ID
P1713	biography_at_the_Bundestag_of_Germany
P1714	Journalisted_ID
P1715	RKD_ESD_Slovenia_ID
P1716	brand
P1717	SANDRE_ID
P1721	pinyin_transliteration
P1725	beats_per_minute
P1726	Florentine_musea_Inventario_1890_ID
P1727	Flora_of_North_America_taxon_ID
P1728	AllMusic_artist_ID
P1729	AllMusic_album_ID
P1730	AllMusic_song_ID
P1731	Fach
P1732	Naturbase_ID
P1733	Steam_Application_ID
P1734	oath_of_office_date
P1735	Comedien_ch_ID
P1736	Information_Center_for_Israeli_Art_artist_ID
P1738	Merck_Index_monograph
P1739	CiNii_book_ID
P1740	category_for_films_shot_at_this_location
P1741	GTAA_ID
P1743	Bradley_and_Fletcher_checklist_number
P1744	Agassiz_checklist_number
P1745	VASCAN_ID
P1746	ZooBank_nomenclatural_act
P1747	Flora_of_China_ID
P1748	NCI_Thesaurus_ID
P1749	Parlement_Politiek_ID
P1750	name_day
P1751	Art_UK_collection_ID
P1752	scale
P1753	list_related_to_category
P1754	category_related_to_list
P1755	Aviation_Safety_Network_accident_ID
P1760	Aviation_Safety_Network_Wikibase_Occurrence
P1761	Watson_Dallwitz_family_ID
P1762	Hornbostel_Sachs_classification
P1763	National_Pipe_Organ_Register_ID
P1764	Flemish_organization_for_Immovable_Heritage_relict_ID
P1766	place_name_sign
P1769	denkXweb_identifier
P1770	Romania_LMI_code
P1771	Integrated_Postsecondary_Education_Data_System_ID
P1772	USDA_PLANTS_ID
P1773	attributed_to
P1774	workshop_of
P1775	follower_of
P1776	circle_of
P1777	manner_of
P1778	forgery_after
P1779	possible_creator
P1780	school_of
P1782	courtesy_name
P1785	temple_name
P1786	posthumous_name
P1787	art_name
P1788	DVN_ID
P1789	chief_operating_officer
P1791	category_of_people_buried_here
P1792	category_of_associated_people
P1793	format_as_a_regular_expression
P1794	bureau_du_patrimoine_de_Seine_Saint_Denis_ID
P1795	Smithsonian_American_Art_Museum:_person_institution_thesaurus_id
P1796	International_Standard_Industrial_Classification_code_Rev_4
P1798	ISO_639_5_code
P1799	Maltese_Islands_National_Inventory_of_Cultural_Property_ID
P1800	Wikimedia_database_name
P1801	commemorative_plaque_image
P1802	EMLO_person_ID
P1803	Masaryk_University_person_ID
P1804	DNF_film_ID
P1806	ABoK_number
P1807	Great_Aragonese_Encyclopedia_ID
P1808	senat_fr_ID
P1809	choreographer
P1810	named_as
P1811	list_of_episodes
P1813	short_name
P1814	name_in_kana
P1815	RSL_scanned_book_s_identifier
P1816	National_Portrait_Gallery_London_person_ID
P1817	addressee
P1818	Kaiserhof_ID
P1819	genealogics_org_person_ID
P1820	Open_Food_Facts_food_additive_id
P1821	Open_Food_Facts_food_category_ID
P1822	DSH_object_ID
P1823	BAnQ_work_ID
P1824	road_number
P1825	Baseball_Reference_com_major_league_player_ID
P1826	Baseball_Reference_com_minor_league_player_ID
P1827	ISWC
P1828	IPI_name_number
P1829	Roud_Folk_Song_Index_number
P1830	owner_of
P1831	electorate
P1832	GrassBase_ID
P1833	number_of_registered_users_contributors
P1836	draft_pick_number
P1837	Gaoloumi_ID
P1838	PSS_archi_ID
P1839	US_Federal_Election_Commission_ID
P1840	investigated_by
P1841	Swedish_district_code
P1842	Global_Anabaptist_Mennonite_Encyclopedia_Online_ID
P1843	taxon_common_name
P1844	HathiTrust_ID
P1845	anti_virus_alias
P1846	distribution_map
P1847	Nasjonalbiblioteket_photographer_ID
P1848	protected_areas_INPN_Code
P1849	SSR_WrittenForm_ID
P1850	stedsnummer
P1851	input_set
P1852	Perry_Index
P1853	blood_type
P1854	Kiev_street_code
P1855	Wikidata_property_example
P1866	Catholic_Hierarchy_diocese_ID
P1867	eligible_voters
P1868	ballots_cast
P1869	Hall_of_Valor_ID
P1870	Name_Assigning_Authority_Number
P1871	CERL_ID
P1872	minimum_number_of_players
P1873	maximum_number_of_players
P1874	Netflix_ID
P1875	represented_by
P1876	vessel
P1877	after_a_work_by
P1878	Vox_ATypI_classification
P1879	income_classification_Philippines_
P1880	measured_by
P1881	list_of_characters
P1882	Web_Gallery_of_Art_ID
P1883	Declarator_org_ID
P1884	hair_color
P1885	cathedral
P1886	Smithsonian_volcano_ID
P1887	vice_county
P1888	Dictionary_of_Medieval_Names_from_European_Sources_entry
P1889	different_from
P1890	BNC_ID
P1891	signatory
P1893	OpenPlaques_plaque_ID
P1894	Danish_urban_area_code
P1895	Fauna_Europaea_ID
P1896	source_website_for_the_property
P1897	highest_note
P1898	lowest_note
P1899	Librivox_author_ID
P1900	EAGLE_id
P1901	BALaT_person_organisation_id
P1902	Spotify_artist_ID
P1903	volcanic_explosivity_index
P1905	FundRef_registry_name
P1906	office_held_by_head_of_state
P1907	Australian_Dictionary_of_Biography_ID
P1908	CWGC_person_ID
P1909	side_effect
P1910	decreased_expression_in
P1911	increased_expression_in
P1912	deletion_association_with
P1913	gene_duplication_association_with
P1914	gene_insertion_association_with
P1915	gene_inversion_association_with
P1916	gene_substitution_association_with
P1917	posttranslational_modification_association_with
P1918	altered_regulation_leads_to
P1919	Ministry_of_Education_of_Chile_school_ID
P1920	CWGC_burial_ground_ID
P1921	URI_used_in_RDF
P1922	first_line
P1923	participating_teams
P1924	vaccine_for
P1925	VIOLIN_ID
P1928	Vaccine_Ontology_ID
P1929	ClinVar_accession
P1930	DSM_5
P1931	NIOSH_Pocket_Guide_ID
P1932	stated_as
P1933	MobyGames_ID
P1934	Animator_ru_film_ID
P1935	Database_of_Classical_Scholars_ID
P1936	Digital_Atlas_of_the_Roman_Empire_ID
P1937	UN_LOCODE
P1938	Project_Gutenberg_author_ID
P1939	Dyntaxa_ID
P1940	conifers_org_ID
P1942	McCune_Reischauer_romanization
P1943	location_map
P1944	relief_location_map
P1945	street_key
P1946	National_Library_of_Ireland_authority
P1947	Mapillary_ID
P1948	BerlPap_identifier
P1949	CulturaItalia_ID
P1950	second_surname_in_Spanish_name
P1951	investor
P1952	Encyclopaedia_Metallum_band_ID
P1953	Discogs_artist_ID
P1954	Discogs_master_ID
P1955	Discogs_label_ID
P1956	takeoff_and_landing_capability
P1957	Wikisource_index_page
P1958	Trismegistos_Geo_ID
P1959	Dutch_Senate_person_ID
P1960	Google_Scholar_author_ID
P1961	CTHS_society_ID
P1962	patron
P1963	properties_for_this_type
P1966	Biblioteca_Nacional_de_Chile_catalogue_number
P1967	BoxRec_ID
P1968	Foursquare_venue_ID
P1969	MovieMeter_director_ID
P1970	MovieMeter_Movie_ID
P1971	number_of_children
P1972	Open_Hub_ID
P1973	RSL_editions
P1976	INEGI_locality_ID
P1977	Les_Archives_du_Spectacle_ID
P1978	USDA_NDB_number
P1979	Righteous_Among_The_Nations_ID
P1980	PolSys_ID
P1981	FSK_film_rating
P1982	Anime_News_Network_person_ID
P1983	Anime_News_Network_company_ID
P1984	Anime_News_Network_manga_ID
P1985	Anime_News_Network_anime_ID
P1986	Dizionario_Biografico_degli_Italiani
P1987	MCN_code
P1988	Delarge_ID
P1989	Encyclopaedia_Metallum_artist_ID
P1990	species_kept
P1991	LPSN_URL
P1992	Plazi_ID
P1993	TeX_string
P1994	AllMusic_composition_ID
P1995	medical_specialty
P1996	parliament_uk_ID
P1997	Facebook_Places_ID
P1998	UCI_code
P1999	UNESCO_language_status
P2000	CPDL_ID
P2001	Revised_Romanization
P2002	Twitter_username
P2003	Instagram_username
P2004	NALT_ID
P2005	Catalogus_Professorum_Halensis
P2006	ZooBank_author_ID
P2007	ZooBank_publication_ID
P2008	IPNI_publication_ID
P2009	Exif_model
P2010	Exif_make
P2011	Cooper_Hewitt_Person_ID
P2012	cuisine
P2013	Facebook_profile_ID
P2014	MoMA_artwork_id
P2015	Hansard_1803_2005_ID
P2016	Catalogus_Professorum_Academiae_Groninganae_id
P2017	isomeric_SMILES
P2018	Teuchos_ID
P2019	AllMovie_artist_ID
P2020	WorldFootball_net_ID
P2021	Erdos_number
P2024	German_cattle_breed_ID
P2025	Find_A_Grave_cemetery_ID
P2026	Avibase_ID
P2027	Colour_Index_International_constitution_ID
P2028	United_States_Armed_Forces_service_number
P2029	Dictionary_of_Ulster_Biography_ID
P2030	NASA_biographical_ID
P2031	work_period_start_
P2032	work_period_end_
P2033	Category_for_pictures_taken_with_camera
P2034	Project_Gutenberg_ebook_ID
P2035	LinkedIn_personal_profile_URL
P2036	African_Plant_Database
P2037	GitHub_username
P2038	ResearchGate_person_ID
P2040	CITES_Species_ID
P2041	National_Gallery_of_Victoria_artist_ID
P2042	Artsy_artist_ID
P2043	length
P2044	elevation_above_sea_level
P2045	orbital_inclination
P2046	area
P2047	duration
P2048	height
P2049	width
P2050	wingspan
P2051	M_sin_i
P2052	speed
P2053	watershed_area
P2054	density
P2055	electrical_conductivity
P2056	heat_capacity
P2057	HMDB_ID
P2058	depositor
P2060	luminosity
P2061	aspect_ratio
P2062	HSDB_ID
P2063	LIPID_MAPS_ID
P2064	KNApSAcK_ID
P2065	NIAID_ChemDB_ID
P2066	fusion_enthalpy
P2067	mass
P2068	thermal_conductivity
P2069	magnetic_moment
P2070	Fellow_of_the_Royal_Society_ID
P2071	Memoire_des_hommes_ID
P2072	CDB_Chemical_ID
P2073	vehicle_range
P2074	internetmedicin_se_ID
P2075	speed_of_sound
P2076	temperature
P2077	pressure
P2078	user_manual_link
P2079	fabrication_method
P2080	AcademiaNet
P2081	BLDAM_object_ID
P2082	M_49_code
P2083	Leadscope_ID
P2084	ZINC_ID
P2085	Nikkaji
P2086	CDD_Public_ID
P2087	CrunchBase_person_ID
P2088	CrunchBase_organisation_ID
P2089	Library_of_Congress_JukeBox_ID
P2090	Power_of_10_athlete_ID
P2091	FISA_rower_ID
P2092	Bildindex_der_Kunst_und_Architektur_ID
P2093	author_name_string
P2094	competition_class
P2095	co_driver
P2096	media_legend
P2097	term_length_of_office
P2098	substitute_deputy_replacement_of_office_officeholder
P2099	BC_Geographical_Names_ID
P2100	Banque_de_noms_de_lieux_du_Quebec_id
P2101	melting_point
P2102	boiling_point
P2103	size_of_team_at_start
P2105	size_of_team_at_finish
P2106	RXNO_Ontology
P2107	decomposition_point
P2108	Kunstindeks_Danmark_artwork_ID
P2109	installed_capacity
P2112	wing_area
P2113	sublimation_temperature
P2114	half_life
P2115	NDF_RT_ID
P2116	enthalpy_of_vaporization
P2117	combustion_enthalpy
P2118	kinematic_viscosity
P2119	vapor_pressure
P2120	radius
P2121	prize_money
P2123	YerelNet_village_ID
P2124	member_count
P2125	Revised_Hepburn_romanization
P2126	Georgian_national_system_of_romanization
P2127	International_Nuclear_Event_Scale
P2128	flash_point
P2129	IDLH
P2130	cost
P2131	nominal_GDP
P2132	nominal_GDP_per_capita
P2133	total_debt
P2134	total_reserves
P2135	total_exports
P2136	total_imports
P2137	total_equity
P2138	total_liabilities
P2139	total_revenue
P2140	foreign_direct_investment_net_outflow
P2141	foreign_direct_investment_net_inflow
P2142	box_office
P2143	genome_size
P2144	frequency
P2145	explosive_energy_equivalent
P2146	orbital_period
P2147	rotation_period
P2148	distance_from_river_mouth
P2149	clock_speed
P2150	FSB_speed
P2151	focal_length
P2152	antiparticle
P2153	PubChem_Substance_ID_SID_
P2154	binding_energy
P2155	solid_solution_series_with
P2156	pseudo_crystal_habit
P2157	lithography
P2158	Cell_line_ontology_ID
P2159	solves
P2160	mass_excess
P2161	Guthrie_code
P2162	Deutsche_Ultramarathon_Vereinigung_ID
P2163	FAST_ID
P2164	SIGIC_author_ID
P2165	SIGIC_group_ID
P2166	SIGIC_institution_ID
P2167	UNSPSC_Code
P2168	SFDb_person_ID
P2169	PublicWhip_ID
P2170	Hansard_2006_March_2016_ID
P2171	They_Work_for_You_ID
P2172	Parliamentary_record_identifier
P2173	BBC_News_Democracy_Live_ID
P2174	MoMA_artist_id
P2175	medical_condition_treated
P2176	drug_used_for_treatment
P2177	solubility
P2178	solvent
P2179	ACM_Classification_Code_2012_
P2180	Kansallisbiografia_ID
P2181	Finnish_MP_ID
P2182	Finnish_Ministers_database_ID
P2183	ISO_9:1995
P2184	history_of_topic
P2185	DLI_ID
P2186	Wiki_Loves_Monuments_ID
P2187	BiblioNet_publication_ID
P2188	BiblioNet_author_ID
P2189	BiblioNet_publisher_ID
P2190	C_SPAN_person_ID
P2191	NILF_author_id
P2192	endangeredlanguages_com_ID
P2193	Soccerbase_player_ID
P2194	PSS_Archi_architect_id
P2195	Soccerbase_manager_ID
P2196	students_count
P2197	production_rate
P2198	average_gradient
P2199	autoignition_temperature
P2200	electric_charge
P2201	electric_dipole_moment
P2202	lower_flammable_limit
P2203	upper_flammable_limit
P2204	minimum_explosive_concentration
P2205	Spotify_album_ID
P2206	Discogs_release_ID
P2207	Spotify_track_ID
P2208	average_shot_length
P2209	SourceForge_project
P2210	relative_to
P2211	position_angle
P2212	angular_distance
P2213	longitude_of_ascending_node
P2214	parallax
P2215	proper_motion
P2216	radial_velocity
P2217	cruise_speed
P2218	net_worth_estimate
P2219	real_gross_domestic_product_growth_rate
P2220	household_wealth
P2221	flux
P2222	gyromagnetic_ratio
P2223	decay_width
P2224	spectral_line
P2225	discharge
P2226	market_capitalization
P2227	metallicity
P2228	maximum_thrust
P2229	thermal_design_power
P2230	torque
P2231	explosive_velocity
P2232	cash
P2233	semi_major_axis
P2234	volume_as_quantity
P2235	external_superproperty
P2236	external_subproperty
P2237	units_used_for_this_property
P2238	official_symbol
P2239	first_aid_measures
P2240	median_lethal_dose
P2241	reason_for_deprecation
P2242	Florentine_musea_catalogue_ID
P2243	apoapsis
P2244	periapsis
P2248	argument_of_periapsis
P2249	Refseq_Genome_ID
P2250	life_expectancy
P2252	National_Gallery_of_Art_artist_ID
P2253	DfE_URN
P2254	maximum_operating_altitude
P2255	Debrett_s_People_of_Today_ID
P2257	frequency_of_event
P2258	mobile_country_code
P2259	mobile_network_code
P2260	ionization_energy
P2261	beam
P2262	draft
P2263	ISOCAT_id
P2264	mix_n_match_catalogue_ID
P2266	Fashion_Model_Directory_model_ID
P2267	Politifact_Personality_ID
P2268	Musee_d_Orsay_artist_ID
P2270	Emporis_building_complex_ID
P2271	Wikidata_property_example_for_properties
P2272	Hederich_encyclopedia_article_ID
P2273	Heidelberg_Academy_for_Sciences_and_Humanities_member_ID
P2275	World_Health_Organisation_International_Nonproprietary_Name
P2276	UEFA_player_ID
P2277	Magdeburger_Biographisches_Lexikon
P2278	Member_of_the_Hellenic_Parliament_ID
P2279	ambitus
P2280	Austrian_Parliament_ID
P2281	iTunes_album_ID
P2282	Groeningemuseum_work_PID
P2283	uses
P2284	price
P2285	periapsis_date
P2286	arterial_supply
P2287	CRIStin_ID
P2288	lymphatic_drainage
P2289	venous_drainage
P2290	Danish_parish_code
P2291	charted_in
P2292	consumption_rate
P2293	genetic_association
P2294	balance_of_trade
P2295	net_profit
P2296	money_supply
P2297	employment_by_economic_sector
P2298	NSDAP_membership_number_1925_1945_
P2299	PPP_GDP_per_capita
P2300	minimal_lethal_dose
P2302	property_constraint
P2303	exception_to_constraint
P2304	group_by
P2305	qualifier_of_property_constraint
P2306	property
P2307	namespace
P2308	class
P2309	relation
P2310	minimum_date
P2311	maximum_date
P2312	maximum_quantity
P2313	minimum_quantity
P2315	comment_DEPRECATED_
P2316	constraint_status
P2317	call_sign
P2318	debut_participant
P2319	elector
P2320	aftershocks
P2321	general_classification_of_race_participants
P2322	article_ID
P2323	Swedish_Olympic_Committee_athlete_ID
P2324	quantity_buried
P2325	mean_anomaly
P2326	GNS_Unique_Feature_ID
P2327	ProCyclingStats_race_ID
P2328	ProCyclingStats_team_ID
P2329	antagonist_muscle
P2330	Cycling_Archives_race_ID
P2331	Cycling_Archives_team_ID
P2332	Dictionary_of_Art_Historians_ID
P2333	Norwegian_organization_number
P2334	Swedish_Film_Database_film_ID
P2335	SFDb_company_ID
P2336	SFDb_soundtrack_ID
P2337	SFDb_group_ID
P2338	Musopen_composer_ID
P2339	BoardGameGeek_ID
P2340	CESAR_person_ID
P2341	indigenous_to
P2342	AGORHA_person_institution_ID
P2343	playing_range_image
P2344	AGORHA_work_ID
P2345	AGORHA_event_identifier
P2346	Elonet_movie_ID
P2347	YSO_ID
P2348	period
P2349	Stuttgart_Database_of_Scientific_Illustrators_ID
P2350	Speedskatingbase_eu_ID
P2351	number_of_graves
P2352	applies_to_taxon
P2353	statistical_unit
P2354	has_list
P2355	UNESCO_Atlas_of_the_World_s_Languages_in_Danger_ID
P2357	Classification_of_Instructional_Programs_code
P2358	Roman_praenomen
P2359	Roman_nomen_gentilicium
P2360	intended_public
P2361	online_service
P2362	time_to_altitude
P2363	NMHH_film_rating
P2364	production_code
P2365	Roman_cognomen
P2366	Roman_agnomen
P2367	Australian_Stratigraphic_Units_Database_ID
P2368	Sandbox_Property
P2369	Soccerway_player_ID
P2370	conversion_to_SI_unit
P2371	FAO_risk_status
P2372	ODIS_ID
P2373	Genius_artist_ID
P2374	natural_abundance
P2375	has_superpartner
P2376	superpartner_of
P2377	MediaWiki_hooks_used
P2378	issued_by
P2379	deprecated_in_version
P2380	French_Sculpture_Census_artist_ID
P2381	Academic_Tree_ID
P2382	Chemins_de_memoire_ID
P2383	CTHS_person_ID
P2384	statement_describes
P2385	French_diocesan_architects_ID
P2386	diameter
P2387	Elonet_person_ID
P2388	office_held_by_head_of_the_organisation
P2389	organisation_directed_from_the_office
P2390	Ballotpedia_ID
P2391	OKPO_ID
P2392	teaching_method
P2393	NCBI_Locus_tag
P2394	MGI_Gene_Symbol
P2396	image_of_function
P2397	YouTube_channel_ID
P2398	MLS_player_ID
P2399	British_Council_artist_ID
P2400	JMDb_film_ID
P2401	Six_Degrees_of_Francis_Bacon_ID
P2402	total_expenditure
P2403	total_assets
P2404	time_weighted_average_exposure_limit
P2405	ceiling_exposure_limit
P2406	maximum_peak_exposure_limit
P2407	short_term_exposure_limit
P2408	set_in_period
P2409	CiNii_article_ID
P2410	WikiPathways_ID
P2411	Artsy_gene
P2412	Fashion_Model_Directory_designer_ID
P2413	Fashion_Model_Directory_magazine_ID
P2414	substrate_of
P2415	personal_best
P2416	sports_discipline_competed_in
P2417	stage_classification
P2418	Structurae_person_ID
P2421	Prosopographia_Attica
P2422	number_of_awards
P2423	FIE_ID
P2424	Berlin_cultural_heritage_ID
P2425	service_ribbon_image
P2426	Xeno_canto_species_ID
P2427	GRID_ID
P2428	RePEc_Short_ID
P2429	expected_completeness
P2430	takeoff_roll
P2431	Thyssen_Bornemisza_artist_ID
P2432	J_Paul_Getty_Museum_artist_id
P2433	gender_of_a_scientific_name_of_a_genus
P2434	Panarctic_Flora_ID
P2435	PORT_person_ID
P2436	voltage
P2437	number_of_seasons
P2438	narrator
P2439	language
P2440	transliteration
P2441	literal_translation
P2442	conversion_to_standard_unit
P2443	stage_reached
P2444	homoglyph
P2445	metasubclass_of
P2446	Transfermarkt_player_ID
P2447	Transfermarkt_manager_ID
P2448	Turkish_Football_Federation_player_ID
P2449	Turkish_Football_Federation_coach_ID
P2450	Encyclopaedia_Britannica_contributor_ID
P2451	MAME_ROM
P2452	GeoNames_feature_code
P2453	nominee
P2454	KNAW_past_member_ID
P2455	Species_Profile_and_Threats_Database_ID
P2456	DBLP_ID
P2457	Australian_National_Shipwreck_ID
P2458	Mackolik_com_player_ID
P2459	IBU_biathlete_ID
P2460	Persons_of_Ancient_Athens
P2461	ComLaw_ID
P2462	member_of_the_deme
P2463	elibrary_ru_organisation_ID
P2464	BugGuide_ID
P2465	Allcinema_film_ID
P2467	Global_Geoparks_Network_ID
P2468	Theatricalia_theatre_ID
P2469	Theatricalia_person_ID
P2470	Talouselaman_vaikuttajat_ID
P2471	Models_com_person_ID
P2472	ACMA_Radiocommunications_Licence_ID
P2473	IGCPV_ID
P2474	CDLI_ID
P2475	NAVA_ID
P2476	HNI_person_institution_ID
P2477	TBRC_Resource_ID
P2478	Railways_Archive_event_ID
P2479	SPDX_ID
P2480	IHO_Hydrographic_Dictionary_S_32_Number
P2481	Elite_Prospects_player_ID
P2482	SABR_ID
P2483	NCES_District_ID
P2484	NCES_School_ID
P2485	Fashion_Model_Directory_photographer_ID
P2486	Fashion_Model_Directory_brand_ID
P2487	page_at_website_of_Belarus_Geocenter
P2488	page_at_Belarus_Globe_website
P2489	page_at_hram_by
P2490	page_at_OSTIS_Belarus_Wiki
P2491	Radzima_org_ID
P2492	MTMT_author_ID
P2493	OM_institution_ID
P2494	Latvian_cultural_heritage_register_ID
P2496	Latvian_toponymic_names_database_ID
P2497	Latvian_National_Address_Register_ID
P2498	Catalan_Biographical_Dictionary_of_Women_ID
P2499	league_level_above
P2500	league_level_below
P2501	results
P2502	classification_of_cycling_race
P2503	Genealogical_Gazetteer_GOV_ID
P2504	Norwegian_municipality_number
P2505	carries
P2506	INSEE_canton_code
P2507	corrigendum_erratum
P2508	KINENOTE_film_ID
P2509	Movie_Walker_ID
P2510	National_Discography_of_Italian_Song_artist_group_ID
P2511	MSK_Gent_work_PID
P2512	spin_off
P2513	Jamendo_album_ID
P2514	Jamendo_artist_ID
P2515	costume_designer
P2516	Australian_Ramsar_site_ID
P2517	category_for_recipients_of_this_award
P2518	Scope_dk_film_ID
P2519	Scope_dk_person_ID
P2520	UNESCO_Biosphere_Reserve_url
P2521	female_form_of_label
P2522	victory
P2524	SEED_number
P2525	Ramsar_Sites_Information_Service_ID
P2526	National_Historic_Sites_of_Canada_ID
P2527	moment_magnitude_scale
P2528	Richter_magnitude_scale
P2529	CSFD_film_ID
P2530	Box_Office_Mojo_franchise_ID
P2531	Box_Office_Mojo_studio_ID
P2532	lowest_atmospheric_pressure
P2533	WomenWriters_ID
P2534	defining_formula
P2535	Sandbox_Mathematical_expression
P2536	Sandbox_External_identifier
P2537	Free_Software_Directory_entry
P2538	Nationalmuseum_Sweden_artist_ID
P2539	Nationalmuseum_Sweden_artwork_ID
P2540	Aarne_Thompson_Uther_Tale_Type_Index
P2541	operating_area
P2542	acceptable_daily_intake
P2545	bowling_style
P2546	sidekick_of
P2547	perimeter
P2548	strand_orientation
P2549	Italian_Senate_of_the_Republic_ID
P2550	recording_or_performance_of
P2551	used_metre
P2552	quantitative_metrical_pattern
P2553	in_work
P2554	production_designer
P2555	fee
P2556	bore
P2557	stroke
P2558	autores_uy_database_id
P2559	Wikidata_usage_instructions
P2560	GPU
P2561	name
P2562	married_name
P2563	superhuman_feature_or_ability
P2564	Koeppen_climate_classification
P2565	global_warming_potential
P2566	ECHA_InfoCard_ID
P2567	amended_by
P2568	repealed_by
P2571	uncertainty_corresponds_to
P2572	Twitter_hashtag
P2573	number_of_out_of_school_children
P2574	National_Football_Teams_com_player_ID
P2575	measures
P2576	UCSC_Genome_Browser_assembly_ID
P2577	admissible_rule_in
P2578	studies
P2579	studied_by
P2580	Baltisches_Biographisches_Lexikon_digital_ID
P2581	BabelNet_id
P2582	J_Paul_Getty_Museum_object_ID
P2583	distance_from_Earth
P2584	Australian_Wetlands_Code
P2585	INSEE_region_code
P2586	INSEE_department_code
P2587	has_phoneme
P2588	administrative_code_of_Indonesia
P2589	Statistics_Indonesia_ethnicity_code
P2590	BPS_language_code
P2591	grammatical_option_indicates
P2592	Quebec_cultural_heritage_directory_people_identifier
P2593	Latvian_Olympic_Committee_athlete_ID
P2595	maximum_gradient
P2596	culture
P2597	Gram_staining
P2598	serial_number
P2599	block_size
P2600	Geni_com_profile_ID
P2601	Eurohockey_com_player_ID
P2602	HockeyDB_com_player_ID
P2603	Kinopoisk_film_ID
P2604	Kinopoisk_person_ID
P2605	CSFD_person_ID
P2606	PlayStation_ID
P2607	BookBrainz_creator_ID
P2610	thickness
P2611	TED_speaker_ID
P2612	TED_topic_ID
P2613	TED_talk_ID
P2614	World_Heritage_criteria_2005_
P2618	SHOWA_ID
P2619	Hungarian_company_ID
P2620	ISO_15924_numeric_code
P2621	Site_of_Special_Scientific_Interest_England_ID
P2622	Companies_House_ID
P2623	MEK_ID
P2624	MetroLyrics_ID
P2625	PASE_ID
P2626	DNF_person_ID
P2627	ISO_9362_SWIFT_BIC_code
P2628	German_tax_authority_ID
P2629	BBFC_rating
P2630	cost_of_damage
P2631	Turner_Classic_Movies_film_ID
P2632	place_of_detention
P2633	geography_of_topic
P2634	model
P2635	number_of_parts_of_a_work_of_art
P2636	Minkultury_film_ID
P2637	RARS_rating
P2638	TV_com_ID
P2639	Filmportal_ID
P2640	Swimrankings_net_swimmer_ID
P2641	Davis_Cup_player_ID
P2642	Fed_Cup_player_ID
P2643	Carnegie_Classification_of_Institutions_of_Higher_Education
P2645	mean_lifetime
P2646	mirTarBase_ID
P2647	source_of_material
P2648	Cycling_Quotient_ID_men_s_race_ID
P2649	Cycling_Quotient_men_s_team_URL
P2650	interested_in
P2651	CRICOS_Provider_Code
P2652	partnership_with
P2655	Estyn_ID
P2656	FIFA_World_Ranking
P2657	EU_transparency_register_ID
P2658	Scoville_grade
P2659	topographic_isolation
P2660	topographic_prominence
P2661	target_interest_rate
P2662	consumption_rate_per_capita
P2663	tier_1_capital_ratio_CETI_
P2664	units_sold
P2665	alcohol_by_volume
P2666	Datahub_page
P2667	corresponding_template
P2668	stability_of_property_value
P2669	discontinued_date
P2670	has_parts_of_the_class
P2671	Google_Knowledge_Graph_identifier
P2672	SOATO_ID
P2673	next_crossing_upstream
P2674	next_crossing_downstream
P2675	reply_to
P2676	rating_certificate_ID
P2677	relative_position_within_image
P2678	Russiancinema_ru_film_ID
P2679	author_of_foreword
P2680	author_of_afterword
P2681	is_recto_of
P2682	is_verso_of
P2683	Bekker_Number
P2684	Kijkwijzer_rating
P2685	Basketball_Reference_com_NBA_player_ID
P2686	Opensecrets_Identifier
P2687	NDL_JPNO
P2688	Box_Office_Mojo_person_ID
P2689	BARTOC_ID
P2694	ISU_figure_skater_ID
P2695	type_locality
P2696	FIG_gymnast_ID
P2697	ESPNcricinfo_com_player_ID
P2698	CricketArchive_player_ID
P2699	URL
P2700	protocol
P2701	file_format
P2702	dataset_distribution
P2703	BFI_work_ID
P2704	EIDR_identifier
P2705	Karate_Records_ID
P2708	Cycling_Quotient_women_s_race_ID
P2709	Cycling_Quotient_female_cyclist_ID
P2710	minimal_lethal_concentration
P2712	median_lethal_concentration
P2713	sectional_view
P2715	elected_in
P2716	collage_image
P2717	no_observed_adverse_effect_level
P2718	lowest_observed_adverse_effect_level
P2719	Hungarian_style_transcription
P2720	embed_URL_template
P2721	Encyclopaedia_Metallum_release_ID
P2722	Deezer_artist_ID
P2723	Deezer_album_ID
P2724	Deezer_track_ID
P2725	GOG_application_ID
P2726	UIPM_ID
P2727	United_World_Wrestling_ID
P2728	CageMatch_worker_ID
P2729	Badminton_World_Federation_ID
P2730	ISSF_ID
P2731	Projeto_Excelencias_ID
P2732	Persee_author_ID
P2733	Persee_journal_ID
P2734	UNZ_author_identifier
P2735	UNZ_journal_identifier
P2736	Biographical_Directory_of_Federal_Judges_ID
P2737	union_of
P2738	disjoint_union_of
P2739	typeface_font
P2740	ResearchGate_institute_ID
P2741	Tate_artist_identifier
P2742	Australian_Geological_Provinces_ID
P2743	this_zoological_name_is_coordinate_with
P2744	PASE_name
P2745	Dictionary_of_New_Zealand_Biography
P2746	production_statistics
P2747	Filmiroda_rating
P2748	PRONOM_file_format_identifier
P2749	PRONOM_software_identifier
P2750	Photographers_Identities_Catalog_ID
P2751	Roller_Coaster_Database_ID
P2752	New_Zealand_Organisms_Register_ID
P2753	Dictionary_of_Canadian_Biography_ID
P2754	production_date
P2755	exploitation_visa_number
P2756	EIRIN_film_rating
P2758	CNC_film_rating_France_
P2759	AUSNUT_food_ID
P2760	NUTTAB_food_ID
P2761	Research_Papers_in_Economics_Series_handle
P2762	Skyscraper_Center_building_complex_ID
P2763	Danish_protected_area_ID
P2764	Wrestlingdata_person_ID
P2765	blue_style_com_ID
P2766	ISO_4063_process_number
P2767	JudoInside_com_ID
P2768	BNE_journal_ID
P2769	budget
P2770	source_of_income
P2771	DUNS
P2772	FIS_alpine_skier_ID
P2773	FIS_cross_country_skier_ID
P2774	FIS_freestyle_skier_ID
P2775	FIS_ski_jumper_ID
P2776	FIS_Nordic_combined_skier_ID
P2777	FIS_snowboarder_ID
P2778	IAT_triathlete_ID
P2779	IAT_weightlifter_ID
P2780	IAT_diver_ID
P2781	race_time
P2782	Models_com_client_ID
P2783	Danish_listed_buildings_case_ID
P2784	Mercalli_intensity_scale
P2786	aerodrome_reference_point
P2787	longest_span
P2788	Czech_neighbourhood_ID_code
P2789	connects_with
P2790	net_tonnage
P2791	power_consumed
P2792	ASF_KID_Cave_Tag_Number
P2793	clearance
P2794	Index_Hepaticarum_ID
P2795	directions
P2796	3DMet_ID
P2797	sound_power_level
P2798	Loop_ID
P2799	BVMC_person_ID
P2800	Beach_Volleyball_Database_ID
P2801	FIVB_beach_volleyball_player_ID
P2802	fleet_or_registration_number
P2803	Wikidata_time_precision
P2804	World_Sailing_member_ID
P2805	Goratings_ID
P2806	vibration
P2807	molar_volume
P2808	wavelength
P2809	Australasian_Pollen_and_Spore_Atlas_Code
P2810	LPGA_Tour_ID
P2811	PGA_Tour_ID
P2812	MathWorld_identifier
P2813	mouthpiece
P2814	P_number
P2815	ESR_station_code
P2816	HowLongToBeat_ID
P2817	appears_in_the_heritage_monument_list
P2818	Sherdog_ID
P2819	Yandex_Music_album_ID
P2820	cardinality_of_this_set
P2821	by_product
P2822	by_product_of
P2823	Royal_Belgian_Football_Association_player_ID
P2824	Gazetteer_of_Planetary_Nomenclature_ID
P2825	via
P2826	Megogo_ID
P2827	flower_color
P2828	corporate_officer
P2829	Internet_Wrestling_Database_ID
P2830	Online_World_of_Wrestling_ID
P2831	totem
P2832	Joint_Electronics_Type_Designation_Automated_System_designation
P2833	ARKive_ID
P2834	individual_tax_rate
P2835	lowest_income_threshold
P2836	highest_income_threshold
P2837	Wikidata_month_number
P2838	professional_name_Japan_
P2839	gait
P2840	NSC_number
P2841	age_of_onset
P2842	place_of_marriage
P2843	Benezit_ID
P2844	incidence
P2845	RAN_ID
P2846	wheelchair_accessibility
P2847	GooglePlus_ID
P2848	Wi_Fi
P2849	produced_by
P2850	iTunes_artist_ID
P2851	payment_types_accepted
P2852	emergency_phone_number
P2853	electrical_plug_type
P2854	disease_burden
P2855	VAT_rate
P2856	EU_Surface_Water_Body_Code
P2857	WWE_com_superstar_ID
P2858	KLOV_ID
P2859	X_SAMPA_Code
P2860	cites
P2861	Leidse_Hoogleraren_ID
P2862	Catalogus_Professorum_Academiae_Rheno_Traiectinae_ID
P2863	Nederlandse_Molendatabase_ID
P2864	OpenCritic_ID
P2865	band_number
P2866	Hollandsche_Molen_ID
P2867	Molenecho_s_ID
P2868	subject_has_role
P2869	record_or_record_progression
P2870	miRBase_pre_miRNA_ID
P2871	miRBase_mature_miRNA_ID
P2872	tourist_office
P2873	time_in_space
P2874	PubChem_BioAssay_ID_AID_
P2875	property_usage_tracking_category
P2876	type_of_unit_for_this_property
P2877	SureChEMBL_ID
P2878	Minitel_code
P2879	Library_of_the_National_Congress_of_Argentina_ID
P2880	NIOSHTIC_2_ID
P2881	promoted
P2882	relegated
P2883	HKMDb_film_ID
P2884	mains_voltage
P2886	Shakeosphere_person_ID
P2887	reserve_number_Canada_
P2888	exact_match
P2889	FamilySearch_person_ID
P2892	UMLS_CUI
P2893	Skype_username
P2894	day_of_week
P2895	maximum_sustained_winds
P2896	publication_interval
P2897	Eldoblaje_Movie_ID
P2898	Swedish_county_letter
P2899	minimum_age
P2900	fax_number
P2903	Molendatabase_verdwenen_molens_ID
P2904	Beer_Advocate_brewery_ID
P2905	RateBeer_brewery_ID
P2907	timezone_offset
P2908	SecondHandSongs_song_ID
P2909	SecondHandSongs_artist_ID
P2910	icon
P2911	time_gap
P2912	distinctive_jersey
P2913	date_depicted
P2914	MSBI_person_ID
P2915	ECARTICO_person_ID
P2916	syntax_clarification
P2917	COAM_ID
P2918	PO_Box
P2919	label_in_sign_language
P2922	month_of_the_year
P2923	focal_height
P2924	Great_Russian_Encyclopedia_Online_ID
P2925	domain_of_saint_or_deity
P2926	InterPro_ID
P2927	water_as_percent_of_area
P2928	memory_capacity
P2929	lighthouse_range
P2930	INSPIRE_HEP_author_ID
P2931	Encyclopedia_of_Triangle_Centers_identifier
P2935	connector
P2936	language_used
P2937	parliamentary_term
P2938	Pleiades_place_type_identifier
P2939	CageMatch_tag_team_ID
P2940	Catalogus_Professorum_Rostochiensium_ID
P2941	Munk_s_Roll_ID
P2942	Dailymotion_channel_ID
P2943	warheroes_ru_ID
P2944	Plarr_ID
P2945	British_Book_Trade_Index_ID
P2946	BacDive_ID
P2948	Estonian_cultural_monument_ID
P2949	WikiTree_ID
P2950	Nomisma_ID
P2951	Cultural_heritage_database_in_Austria_ObjectID
P2952	bateau_d_interet_patrimonial
P2953	Estonian_Research_Portal_person_ID
P2954	Transferred_Account_Data_Interchange_Group_Code
P2955	point_of_penalty
P2956	NAIF_ID
P2957	throughput
P2959	permanent_duplicated_item
P2960	archive_date
P2961	BVPH_ID
P2962	title_of_chess_player
P2963	Goodreads_author_ID
P2964	right_to_vote
P2965	EU_River_Basin_District_code
P2966	National_Library_of_Wales_ID
P2967	Queensland_Heritage_Register_ID
P2968	QUDT_unit_ID
P2969	Goodreads_book_ID
P2970	Kinopolis_film_ID
P2971	GCatholic_church_ID
P2972	SNAP_ID
P2973	Spenserians_person_ID
P2974	habitat
P2975	host
P2976	patronym_or_matronym
P2977	LBT_person_ID
P2978	wheel_arrangement
P2979	maritime_identification_digits
P2980	ARLHS_Lighthouse_ID
P2981	UIC_alphabetical_country_code
P2982	UIC_numerical_country_code
P2983	UNDP_country_code
P2984	Snapchat_username
P2985	DSBE_ID
P2986	aircraft_registration_prefix
P2987	Taekwondo_Data_ID
P2988	GOST_7_67_cyrillic
P2989	has_grammatical_case
P2990	FIL_ID
P2991	IBSF_ID
P2992	software_quality_assurance
P2993	partition_coefficient_water_octanol
P2997	age_of_majority
P2998	age_of_candidacy
P2999	age_of_consent
P3000	marriageable_age
P3001	retirement_age
P3002	Untappd_brewery_ID
P3003	zanikleobce_cz_abandoned_objects_ID
P3004	Galiciana_work_ID
P3005	valid_in_place
P3006	Marine_Regions_Geographic_ID
P3007	Cadw_Monument_ID
P3008	Australian_Heritage_Database_Place_ID
P3009	Conservatoire_du_littoral_ID
P3010	World_Archery_ID
P3012	Standard_Geographical_Classification_code
P3013	surface_tension
P3014	laws_applied
P3015	backup_or_reserve_team_or_crew
P3016	French_national_research_structure_identifier
P3017	Rolling_Stone_artist_ID
P3018	located_in_protected_area
P3019	railway_signalling_system
P3020	residence_time_of_water
P3021	Iranica_ID
P3022	flag_bearer
P3023	Legacies_of_British_Slave_ownership_person_ID
P3024	ITU_letter_code
P3025	open_days
P3026	closed_on
P3027	open_period_from
P3028	open_period_to
P3029	UK_National_Archives_ID
P3030	sheet_music
P3031	EPPO_Code
P3032	adjacent_building
P3033	package_management_system
P3034	Indonesian_ethnicity_code
P3035	ISBN_publisher_prefix
P3036	precipitation_height
P3037	spatial_reference_system
P3038	IWM_memorial_ID
P3039	wheelbase
P3040	SoundCloud_ID
P3041	luminous_intensity
P3042	CageMatch_wrestling_stable_id
P3043	Scoresway_soccer_person_ID
P3044	College_Football_HoF_ID
P3045	HanCinema_person_ID
P3046	ForaDeJogo_player_ID
P3047	TheFinalBall_player_ID
P3048	racing_reference_driver_ID
P3049	Scottish_Football_Association_player_ID
P3050	FACR_player_ID
P3051	Kindred_Britain_ID
P3052	Bloomberg_person_ID
P3053	K_League_player_ID
P3054	Ontario_MPP_ID
P3055	NAQ_elected_person_ID
P3056	Turner_Classic_Movies_person_ID
P3057	Charity_Commission_no_
P3058	Architectuurgids_architect_ID
P3059	Architectuurgids_building_ID
P3060	ButMoth_ID
P3061	Basisregistratie_Instellingen_number
P3063	gestation_period
P3064	LepIndex_ID
P3065	RERO_ID
P3066	GLAM_Identifier
P3067	GS1_country_code
P3068	WIPO_ST_3
P3069	UN_document_symbol
P3070	dynamic_viscosity
P3071	standard_molar_entropy
P3072	Storting_person_ID
P3073	CosIng_number
P3074	Grace_s_Guide_ID
P3075	official_religion
P3076	Open_Beauty_Facts_category_ID
P3077	Cineplex_film_ID
P3078	standard_enthalpy_of_formation
P3080	game_artist
P3081	damaged
P3082	destroyed
P3083	SIMBAD_ID
P3084	freedom_of_panorama
P3085	qualifies_for_event
P3086	speed_limit
P3087	fiscal_tax_revenue
P3088	Catalogue_of_Life_in_Taiwan_ID
P3089	Flags_of_the_World_ID
P3090	flight_number
P3091	mount
P3092	film_crew_member
P3093	recovered_by
P3094	develops_from
P3095	practiced_by
P3096	KML_file
P3097	ISBN_identifier_group
P3098	ClinicalTrials_gov_Identifier
P3099	Internet_Bird_Collection_species_ID
P3100	Flora_of_Australia_ID
P3101	FloraBase_ID
P3102	Plantarium_ID
P3103	has_tense
P3104	Gares_Connexions_ID
P3105	Tela_Botanica_ID
P3106	Guardian_topic_ID
P3107	LdiF_ID
P3108	Yelp_ID
P3109	Peakbagger_mountain_ID
P3110	ISzDb_film_ID
P3111	FEI_ID
P3112	DistroWatch_ID
P3113	does_not_have_part
P3114	ISzDb_person_ID
P3115	ISzDb_company_ID
P3116	ISzDb_dub_ID
P3117	DSSTOX_substance_identifier
P3118	OpenDomesday_settlement_ID
P3119	Code_for_China_Reservoir_Name
P3120	TOID
P3121	Epguides_ID
P3122	OpenDomesday_person_ID
P3123	Stanford_Encyclopedia_of_Philosophy_ID
P3124	Polish_scientist_ID
P3125	EDRPOU_code
P3126	ALCUIN_ID
P3127	Latindex_ID
P3128	CiNetMag_film_ID
P3129	cine_gr_film_ID
P3130	NSW_Flora_ID
P3131	Redalyc_journal_ID
P3132	last_line
P3133	NSZL_name_authority_ID
P3134	TripAdvisor_ID
P3135	elCinema_film_ID
P3136	elCinema_person_ID
P3137	parent_peak
P3138	OFDb_ID
P3139	SourehCinema_film_ID
P3140	SourehCinema_person_ID
P3141	EDb_film_ID
P3142	EDb_person_ID
P3143	elFilm_film_ID
P3144	elFilm_person_ID
P3145	Sratim_ID
P3146	CiNetMag_person_ID
P3147	United_States_Reports_ID
P3148	repeals
P3149	molecule_conformation
P3150	birthday
P3151	iNaturalist_taxon_ID
P3152	Findsmiley_ID
P3153	Crossref_funder_ID
P3154	Runeberg_author_ID
P3155	Runeberg_book_ID
P3156	Australian_Classification
P3157	event_distance
P3158	enclosure
P3159	UGentMemorialis_ID
P3160	Minnesota_legislator_ID
P3161	has_grammatical_mood
P3162	Rock_Hall_of_Fame_ID
P3163	Scottish_Charity_number
P3165	Horsetelex_ID
P3166	Webpedigrees_ID
P3167	Allbreedpedigree_ID
P3168	Sporthorse_data_ID
P3169	Harasire_ID
P3170	Cultural_Heritage_Armenia_ID
P3171	International_Olympic_Committee_athlete_ID
P3172	World_Bridge_Federation_ID
P3173	offers_view_on
P3174	art_director
P3175	Statoids_ID
P3176	uses_property
P3177	Patrimonio_Web_JCyL_ID
P3178	Zaragoza_monument_ID
P3179	territory_overlaps
P3180	Visual_Novel_Database_ID
P3181	OpenCitations_bibliographic_resource_ID
P3182	FANTOIR_code
P3183	WSJ_topic_ID
P3184	Czech_National_Bibliography_book_ID
P3185	VKontakte_username
P3186	TAXREF_ID
P3187	Marburger_Professorenkatalog_ID
P3188	Nobel_prize_ID
P3189	innervated_by
P3190	innervates
P3191	IMIS_person_ID
P3192	Last_fm_music_ID
P3193	GS1_Manufacturer_code
P3194	INA_video_ID
P3195	league_points_system
P3196	USGS_earthquake_id
P3197	Federal_Heritage_Buildings_ID_Canada_
P3198	JewishGen_Locality_ID
P3199	charity_number_Isle_of_Man_
P3200	Northern_Ireland_charity_number
P3201	Medical_Dictionary_for_Regulatory_Activities_ID
P3202	UAI_code
P3203	Cine_Ressources_film_ID
P3204	Cine_Ressources_person_ID
P3205	patient_of
P3206	data_gouv_fr_ID
P3207	Vine_user_ID
P3208	New_General_Catalogue_ID
P3209	Heritage_Railway_Station_of_Canada_ID
P3211	Heritage_Lighthouse_of_Canada_ID
P3212	ISAN
P3213	Indian_census_area_code
P3215	SIRET_number
P3216	ClassInd_rating
P3217	Dictionary_of_Swedish_National_Biography
P3218	Aunamendi_ID
P3219	Encyclopaedia_Universalis_Online_ID
P3220	KvK_company_ID
P3221	NYT_topic_ID
P3222	NE_se_ID
P3223	Online_List_of_Lights_id
P3224	NAICS_code
P3225	Corporate_Number_Japan_
P3226	HAS_member_ID
P3227	Cultural_Heritage_Kosovo_ID
P3228	Schlaefli_symbol
P3229	South_Dakota_legislator_ID
P3230	SCAR_Composite_Gazetteer
P3231	Mediaarts_DB_ID
P3232	PhilPapers_author_ID
P3233	PhilPapers_profile
P3234	Library_of_Congress_Cultural_Heritage_Organizations
P3235	PhilPapers_topic
P3236	PhilPapers_publication_ID
P3237	KU_Leuven_person_ID
P3238	trunk_prefix
P3240	NBN_System_Key
P3241	Catholic_Encyclopedia_ID
P3242	SIC_code
P3243	OKVED_1_1_code_of_the_economic_activity
P3245	OKPD_code_of_the_good_or_service
P3246	OKVED_2_code_of_the_economic_activity
P3248	OKP_ID_of_the_good_or_service
P3250	OKPD2_code_of_the_good_or_service
P3251	minimum_viable_temperature
P3252	maximum_viable_temperature
P3253	optimum_viable_temperature
P3254	property_proposal_discussion
P3256	Cave_E_Cadastre_ID
P3257	Queensland_place_ID
P3258	LiveJournal_ID
P3259	intangible_cultural_heritage_status
P3260	points_awarded
P3261	anatomical_branch_of
P3262	has_anatomical_branch
P3263	base
P3264	radix
P3265	Myspace_ID
P3266	LocFDD_ID
P3267	Flickr_user_ID
P3268	PORT_organization_URL
P3269	Fotografen_nl_ID
P3270	compulsory_education_minimum_age
P3271	compulsory_education_maximum_age
P3272	Zeri_image_ID
P3273	Actorenregister_ID
P3274	content_deliverer
P3275	storyboard_artist
P3276	Angel_List_ID
P3277	KANTL_member_ID
P3279	statistical_leader
P3280	BanQ_author_ID
P3281	French_National_Assembly_Lobbyist_ID
P3283	Bandcamp_artist_ID
P3284	Yahoo_Japan_Talent_Database_ID
P3285	Mathematics_Subject_Classification_ID
P3286	Squash_Info_ID
P3288	World_Spider_Catalog_ID
P3289	Cellosaurus_ID
P3290	biography_at_the_Landtag_of_Mecklenburg_Vorpommern
P3291	DocCheck_Flexikon_En_ID
P3292	DocCheck_Flexikon_De_ID
P3293	BALaT_image_ID
P3294	encoding
P3295	code
P3296	DRUSOP_ID
P3297	Flemish_Parliament_person_ID
P3298	Belgian_Senate_person_ID
P3299	student_register_of_the_University_of_Helsinki_ID_1640_1852_
P3300	musical_conductor
P3301	broadcast_by
P3302	Open_Media_Database_film_ID
P3303	third_party_formatter_URL
P3304	NGS_pumping_station_ID
P3305	KINENOTE_person_ID
P3306	ICAA_rating
P3307	Galiciana_Author_ID
P3308	lib_reviews_ID
P3309	SummitPost_mountain_ID
P3310	muscle_action
P3311	plan_image
P3314	365chess_player_ID
P3315	chesstempo_ID
P3316	ICCF_player_ID
P3318	Patrimonio_Inmueble_de_Andalucia_ID
P3320	board_member
P3321	male_form_of_label
P3322	Vlindernet_ID
P3323	opponent_during_disputation
P3324	petit_patrimoine_com_ID
P3325	student_register_of_the_University_of_Helsinki_ID_1853_1899
P3326	World_Waterfall_Database_ID
P3327	Reserves_naturelles_de_France_ID
P3328	wurvoc_org_measure_ID
P3329	CIViC_variant_ID
P3330	Supermodels_nl_ID
P3331	HGVS_nomenclature
P3332	ACM_Digital_Library_citation_ID
P3333	ACM_Digital_Library_event_ID
P3335	hazard_on_site
P3337	generation_time
P3338	Encyclopedia_of_Surfing_ID
P3339	World_Surf_League_ID
P3340	Kvikmyndir_film_ID
P3341	Kvikmyndir_person_ID
P3342	significant_person
P3343	legislation_gov_uk_ID
P3344	Vote_Smart_ID
P3345	RxNorm_CUI
P3346	HKMDb_person_ID
P3347	PermID
P3348	National_Library_of_Greece_ID
P3349	designed_to_carry
P3350	WHO_international_non_proprietary_names_ID
P3351	Adult_Film_Database_person_ID
P3352	musipedia_tune_ID
P3353	National_Recreation_Trails_Database_ID
P3354	positive_therapeutic_predictor
P3355	negative_therapeutic_predictor
P3356	positive_diagnostic_predictor
P3357	negative_diagnostic_predictor
P3358	positive_prognostic_predictor
P3359	negative_prognostic_predictor
P3360	Nobel_Prize_People_Nomination_ID
P3361	PictoRight_ID_code
P3362	operating_income
P3363	Tennis_HoF_player_ID
P3364	stereoisomer_of
P3365	Enciclopedia_Treccani_ID
P3366	GECD_person_ID
P3367	GECD_film_ID
P3368	Prabook_ID
P3370	Geopatronyme_ID
P3371	Observatoire_du_Patrimoine_Religieux_ID
P3372	Auckland_Art_Gallery_artist_ID
P3373	sibling
P3374	endianness
P3375	GECD_Firmen_ID
P3376	Belgian_Enterprise_number
P3377	Bloomberg_private_company_ID
P3378	Merck_Index_reaction_ID
P3379	Model_Manual_ID
P3380	FAO_2007_genetic_resource_ID
P3381	File_Format_Wiki_page_ID
P3382	GeneDB_ID
P3383	film_poster
P3385	Japan_Sumo_Association_ID
P3386	French_Sculpture_Census_work_ID
P3387	minimum_frequency_of_audible_sound
P3388	LittleSis_people_ID
P3389	Royal_Swedish_Academy_of_Letters_member_ID
P3390	Consolidated_code_of_the_electronic_catalog_of_libraries_of_Belarus
P3391	Verkhovna_Rada_MP_ID
P3392	Surman_ID
P3393	LittleSis_organisation_ID
P3394	Finnish_Lake_ID
P3395	heart_rate
P3396	French_Catholic_Church_structure_ID
P3397	Guide_of_the_French_Church_person_ID
P3398	Butterflies_and_Moths_of_North_America_ID
P3399	JTWC_tropical_cyclone_ID
P3400	CORDIS_Project_ID
P3401	Wilderness_net_ID
P3402	CNC_film_rating_Romania_
P3403	coextensive_with
P3404	The_Vogue_List_ID
P3405	Nederlands_Soortenregister_ID
P3406	Saccharomyces_Genome_Database_ID
P3407	Klosterdatenbank_ID
P3408	FINA_athlete_ID
P3409	Catalogus_Professorum_Lipsiensis_ID
P3410	Clergy_of_the_Church_of_England_database_ID
P3411	Saxon_Academy_of_Sciences_member_ID
P3412	Canadian_Environmental_Sustainability_Indicators_ID_Protected_areas_
P3413	Leopoldina_member_ID
P3414	Yle_Areena_ID
P3415	start_period
P3416	end_period
P3417	Quora_topic_ID
P3418	Google_Play_Store_ID
P3419	Basic_Unit_of_Settlement_code_Czech_Slovak_
P3420	Calflora_ID
P3421	Belvedere_artist_ID
P3422	INSEE_countries_and_foreign_territories_code
P3423	INSEE_arrondissement_code
P3424	Polish_cultural_heritage_register_number
P3425	Natura_2000_site_ID
P3426	ArbetSam_ID
P3427	as_com_athlete_ID
P3428	INCAA_film_rating
P3429	Electronic_Enlightenment_ID
P3430	Social_Networks_and_Archival_Context_ID
P3431	Publons_Publication_ID
P3432	parent_cell_line
P3433	biological_variant_of
P3434	ERIH_PLUS_ID
P3435	VGMdb_artist_ID
P3436	AELG_ID
P3437	people_or_cargo_transported
P3438	vehicle_normally_used
P3439	angular_resolution
P3440	time_signature
P3441	FIFA_country_code
P3442	Debian_stable_package
P3443	Victorian_Heritage_Database_ID
P3444	eBird_taxon_ID
P3445	Cinema_of_Israel_ID
P3446	FIDAL_ID
P3447	mirrors_data_from
P3448	stepparent
P3449	NSW_Heritage_database_ID
P3450	sports_seasons_of
P3451	nighttime_view
P3452	inferred_from
P3453	IPI_base_code
P3454	Arch_package
P3455	CircleID
P3456	ATP_tennis_tournament_ID
P3457	case_fatality_rate
P3458	CNC_authorization_number
P3459	Euring_number
P3460	colonel_in_chief
P3461	designated_as_terrorist_by
P3462	FAMA_work_ID
P3463	Fedora_package
P3464	medicine_marketing_authorization
P3465	maximum_frequency_of_audible_sound
P3466	Israeli_CBS_municipal_ID
P3467	Inventario_Sculture_Polo_Museale_Fiorentino
P3468	National_Inventors_Hall_of_Fame_ID
P3469	WTA_tennis_tournament_ID
P3470	Woodland_Trust_wood_ID
P3471	wikiskripta_id
P3472	VICNAMES_Place_ID
P3473	Ubuntu_16_10_package
P3475	SANU_member_ID
P3476	PSA_World_Tour_ID
P3477	Nihon_Tarento_Meikan_ID
P3478	Songkick_artist_ID
P3479	Omni_topic_ID
P3480	base_Memoire_reference
P3481	Parks_Gardens_UK_Record_ID
P3482	Europeana_Fashion_creator_ID
P3483	VGMdb_album_ID
P3484	name_shares_origin_with
P3485	bite_force_quotient
P3486	normal_respiratory_rate
P3487	maximal_incubation_period_in_humans
P3488	minimal_incubation_period_in_humans
P3489	pregnancy_category
P3490	muscle_origin
P3491	muscle_insertion
P3492	basic_reproduction_number
P3493	legal_status_medicine_
P3494	points_classification
P3495	FilmPolski_pl_ID
P3496	teams_classification_by_points
P3497	teams_classification_by_time
P3498	ZNIEFF_ID
P3499	Gentoo_package
P3500	Ringgold_identifier
P3501	Catholic_rite
P3502	Ameblo_username
P3503	LombardiaBeniCulturali_building_ID
P3504	Florentine_Inventario_Palatina_art_ID
P3505	BoardGameGeek_designer_ID
P3506	Luding_designer_ID
P3507	Bivouac_com_mountain_ID
P3509	Dagens_Nyheter_topic_ID
P3511	VGMDb_label_ID
P3512	means_of_locomotion
P3513	peakware_mountain_ID
P3514	U_S_National_Geodetic_Survey_ID
P3515	NPCA_ID
P3516	National_Park_Foundation_ID
P3517	Geographical_Names_Board_of_New_South_Wales_ID
P3518	Smithsonian_trinomial
P3519	Pfam_ID
P3520	databaseOlympics_com_ID
P3521	EuroTour_golf_player_ID
P3522	NHL_com_player_ID
P3523	Rfam_ID
P3524	Simple_Modular_Architecture_Research_Tool_ID
P3525	acb_com_ID
P3526	wisdenindia_com_ID
P3527	eurobasket_com_ID
P3528	Luding_game_ID
P3529	median_income
P3530	par
P3531	AZBilliards_ID
P3532	databaseFootball_com_ID
P3533	draftexpress_com_ID
P3534	Australian_Government_Organisations_Register_ID
P3535	JapanTour_golf_player_ID
P3536	euroleague_net_ID
P3537	FootballDatabase_eu_ID
P3538	fussballdaten_de_ID
P3539	NFL_com_ID
P3541	MLB_ID
P3542	FIBA_player_ID
P3544	Te_Papa_artist_ID
P3545	Theoi_Project_ID
P3546	AustralianFootball_com_ID
P3547	AFL_Tables_ID
P3548	Australian_Business_Number
P3549	Australian_Company_Number
P3550	Australian_Register_of_Therapeutic_Goods_ID
P3551	Australian_Registered_Body_Number
P3552	Australian_Registered_Scheme_Number
P3553	Zhihu_topic_ID
P3554	World_Series_of_Poker_ID
P3555	World_Guide_to_Covered_Bridges_ID
P3556	World_Curling_Tour_ID
P3557	World_Curling_Federation_ID
P3558	USCF_ID
P3559	maximum_size_or_capacity
P3560	College_Football_Data_Warehouse_ID
P3561	pro_football_reference_ID
P3562	Admiralty_number
P3563	NGA_Lighthouse_ID
P3564	Global_Poker_Index_ID
P3565	J_League_player_ID
P3566	Just_Sports_Stats_ID
P3567	HHOF_com_NHL_player_ID
P3568	OWGR_ID
P3569	Cultureel_Woordenboek_identifier
P3570	European_Case_Law_id
P3571	ESPN_com_MLB_player_ID
P3572	ESPNcricinfo_playing_ground_ID
P3573	European_Handball_Federation_ID
P3574	Fangraphs_ID
P3575	data_size
P3576	TLG_author_ID
P3577	Croatian_Football_Federation_player_ID
P3578	autologous_cell_line
P3579	Sina_Weibo_ID
P3580	SIPCA_code
P3581	Pro_Football_Hall_of_Fame_ID
P3582	SunshineTour_ID
P3583	Surfline_ID
P3584	ITRA_runner_ID
P3585	UltraSignup_runner_ID
P3586	CricketArchive_playing_ground_ID
P3587	Common_Vulnerabilities_and_Exposures_ID
P3588	WNBA_player_ID
P3589	GCD_series_ID
P3590	Relations_Ontology_ID
P3591	World_Checklist_of_Selected_Plant_Families_ID
P3592	Saros_cycle_of_eclipse
P3593	AFI_Catalog_of_Feature_Films_ID
P3594	Araneae_Spider_ID
P3595	BLF_article_ID
P3596	Danish_ancient_monument_ID
P3597	F_Droid_package
P3598	Hockey_reference_player_ID
P3599	archival_creator_authority_record_at_the_Archives_nationales
P3600	protected_heritage_site_in_Brussels_ID
P3601	MarineTraffic_Lighthouse_ID
P3602	candidacy_in_election
P3603	Minneapolis_Institute_of_Art_Constituent_ID
P3604	ITU_triathlete_ID
P3605	90minut_player_ID
P3606	BOLD_Systems_taxon_ID
P3607	Booking_com_hotel_ID
P3608	EU_VAT_number
P3609	Recreation_gov_area_ID
P3610	fare_zone
P3611	Borden_Code
P3612	Le_Monde_diplomatique_subject_ID
P3613	Naturvardsregistret_ID
P3614	DigDag_ID
P3615	Vision_of_Britain_unit_ID
P3616	Vision_of_Britain_place_ID
P3618	base_salary
P3619	ski_db_com_skier_ID
P3620	BWFbadminton_com_player_ID
P3621	Darts_Database_player_ID
P3622	rusbandy_player_ID
P3623	BadmintonLink_player_ID
P3624	CWE_ID
P3625	Kirshenbaum
P3626	Australian_Antarctic_Gazetteer_ID
P3627	Historical_Gazetteer_of_England_s_Place_Names_ID
P3628	British_History_Online_VCH_ID
P3629	stated_age_at_event
P3630	Babelio_author_ID
P3631	Babelio_work_ID
P3632	British_Museum_thesaurus_ID
P3633	British_Museum_place_ID
P3634	The_Met_object_ID
P3635	Peakbagger_area_ID
P3636	PDB_ligand_ID
P3637	European_Medicines_Agency_product_number
P3638	Oorlogsmonument_ID
P3639	KEPN_ID
P3640	National_Drug_Code
P3641	Uniform_Type_Identifier
P3642	ARCHON_code
P3643	significant_environmental_impact
P3644	FFR_player_ID
P3645	All_Blacks_player_ID
P3646	Basketball_Hall_of_Fame_ID
P3647	NBA_player_ID
P3648	NatureServe_conservation_status
P3649	IDEAS_person_ID
P3650	JMK_film_rating
P3651	American_Hockey_League_player_ID
P3652	Kontinental_Hockey_League_player_ID
P3653	ARRS_runner_ID
P3654	Chess_com_player_ID
P3655	BDFutbol_player_ID
P3656	Cross_tables_com_Scrabble_player_ID
P3657	Croatian_Football_Statistics_ID
P3658	DZFoot_com_player_ID
P3659	Estonian_Football_Association_player_ID
P3660	FootballFacts_ru_player_ID
P3661	ForaDeJogo_manager_ID
P3662	Football_Federation_of_Ukraine_player_ID
P3663	Fotbal_DNES_player_ID
P3664	Futsal_Planet_player_ID
P3665	L_Equipe_football_player_ID
P3666	EPCR_player_ID
P3667	International_Weightlifting_Federation_ID
P3668	Sambafoot_player_ID
P3669	Swimming_Australia_swimmer_ID
P3670	Tennis_Archives_player_ID
P3671	USA_Gymnastics_athlete_ID
P3672	International_Orienteering_Federation_athlete_ID
P3673	film_documentaire_fr_film_ID
P3674	Mutopia_composer_ID
P3675	Hans_Christian_Andersen_Centre_work_ID
P3676	National_Bridge_Inventory_Number
P3677	Wereld_van_Oranje_player_ID
P3678	SA_Rugby_player_ID
P3679	stock_market_index
P3680	statement_supported_by
P3681	ESPNFC_com_player_ID
P3682	Australian_Olympic_Committee_athlete_ID
P3683	LFP_player_ID
P3684	DriverDB_driver_ID
P3685	ESPN_com_NBA_player_ID
P3686	ESPN_com_NFL_player_ID
P3687	ESPN_com_NHL_player_ID
P3688	ICF_sprint_canoer_ID
P3689	ICF_slalom_canoer_ID
P3690	IFSC_climber_ID
P3691	ISHOF_swimmer_ID
P3692	NCAA_sports_team_ID
P3693	ShorttrackOnLine_speed_skater_ID
P3694	SpeedSkatingNews_info_speed_skater_ID
P3695	SpeedSkatingStats_speed_skater_ID
P3696	SRCBB_player_ID
P3697	SRCFB_player_ID
P3698	Tennis_Australia_player_ID
P3699	Transfermarkt_referee_ID
P3700	NHF_player_ID
P3701	incarnation_of
P3702	Catalogue_of_Illuminated_Manuscripts_ID
P3703	JMDb_person_or_company_ID
P3704	KMDb_film_ID
P3705	RITVA_Program_ID
P3706	RITVA_Person_ID
P3707	Gridabase_glacier_ID
P3708	PhDTree_person_ID
P3709	category_for_value_different_from_Wikidata
P3710	Jewish_Encyclopedia_Daat_ID
P3711	Vanderkrogt_net_Statues_ID
P3712	objective_of_project_or_mission
P3713	category_for_value_not_in_Wikidata
P3714	Recreation_gov_facility_ID
P3715	NISH_Hall_of_Fame_ID
P3716	social_classification
P3717	MEROPS_enzyme_ID
P3718	NCMEC_person_ID
P3719	regulated_by
P3720	GPnotebook_ID
P3721	public_key_fingerprint
P3722	Commons_maps_category
P3723	USCG_Lighthouse_ID
P3724	USHMM_Holocaust_Encyclopedia_ID
P3725	CEV_player_ID
P3726	Eu_football_info_player_ID
P3727	Serbia_municipality_ID
P3728	New_Zealand_Heritage_List_number
P3729	next_lower_rank
P3730	next_higher_rank
P3731	Serbia_cadastral_municipality_ID
P3732	PhilPapers_record
P3733	MOOMA_artist_ID
P3734	category_for_value_same_as_Wikidata
P3735	Yad_Vashem_Encyclopedia_of_the_Ghettos_ID
P3736	Eurovision_Song_Contest_song_ID
P3737	maximum_wavelength_of_sensitivity
P3738	minimum_wavelength_of_sensitivity
P3739	inflorescence
P3740	number_of_works
P3741	seed_dispersal
P3742	FIH_player_ID
P3743	ITU_ISO_IEC_object_identifier
P3744	number_of_subscribers
P3745	World_Rugby_Sevens_Series_ID
P3746	Wildflowers_of_Israel_ID
P3747	SSRN_author_ID
P3748	Israel_Football_Association_player_ID
P3749	Google_Maps_CID
P3750	KMDb_documentary_ID
P3751	Shoftim_BeIsrael_judge_ID
P3752	worst_case_performance
P3753	best_case_performance
P3754	average_performance
P3755	worst_case_space_complexity
P3756	best_case_space_complexity
P3757	average_space_complexity
P3758	DOCOMOMO_Iberico_ID
P3759	SAHRA_heritage_site_ID
P3760	Iditarod_musher_ID
P3761	IPv4_routing_prefix
P3762	openMLOL_author_ID
P3763	MIMO_instrument_ID
P3764	pole_position
P3765	All_Athletics_com_ID
P3766	European_Athletics_ID
P3767	FFA_ID
P3768	Medieval_Libraries_of_Great_Britain_Book_ID
P3769	It_s_Rugby_ID
P3770	PeakFinder_ID
P3771	activator_of
P3772	agonist_of
P3773	antagonist_of
P3774	blocker_of
P3775	disrupting_agent_for
P3776	inhibitor_of
P3777	antisense_inhibitor_of
P3778	positive_allosteric_modulator_of
P3779	negative_allosteric_modulator_of
P3780	active_ingredient_in
P3781	has_active_ingredient
P3782	Artnet_artist_ID
P3783	Christie_s_work_ID
P3784	CiteSeerX_article_ID
P3785	danskefilm_film_ID
P3786	danskefilm_person_ID
P3787	danskefilm_silent_film_ID
P3788	BNA_author_ID
P3789	Telegram_username
P3790	AnimeCons_com_ID
P3791	Art_Renewal_Center_ID
P3792	rate_of_fire
P3793	IPv6_routing_prefix
P3794	Dictionary_of_Sydney_ID
P3795	Flora_of_Israel_plant_ID
P3796	Bureau_of_Meteorology_station_ID
P3797	autonomous_system_number
P3798	Star_Wars_Databank_ID
P3799	Safsal_player_ID
P3800	Safsal_coach_ID
P3801	INEGI_municipality_ID
P3802	Launchpad_net_project_ID
P3803	original_film_format
P3804	TV_Guide_show_ID
P3805	Tax_exempt_heritage_asset_ID
P3806	Mapa_place_ID
P3807	S2A3_Biographical_Database_ID
P3808	The_Numbers_movie_ID
P3809	YerelNET_district_ID
P3810	Parks_it_ID
P3811	Evidence_Conclusion_Ontology_ID
P3812	Elle_fr_person_ID
P3813	Bivouac_com_pass_ID
P3814	BoF_person_ID
P3815	volcano_observatory
P3816	film_script
P3817	FI_WarSampo_person_ID
P3818	KMRB_film_rating
P3819	FI_WarSampo_army_unit_ID
P3820	Flanders_Arts_Institute_venue_ID
P3821	Bangla_Movie_Database_ID
P3822	rules_for_classification
P3823	Ethnologue_language_status
P3824	VTJ_PRT_building_ID
P3825	United_States_Statutes_at_Large_citation
P3826	Welsh_Rugby_Union_player_ID
P3827	JSTOR_topic_ID
P3828	wears
P3829	Publons_author_ID
P3830	CueTracker_player_ID
P3831	object_has_role
P3832	Europeana_Fashion_Vocabulary_ID
P3833	diaspora
P3834	RTC_film_rating
P3835	Mendeley_person_ID
P3836	Pinterest_username
P3837	United_States_Public_Law
P3838	Tab4u_song_ID
P3839	Tab4u_artist_ID
P3840	slope_rating
P3841	Human_Phenotype_Ontology_ID
P3842	located_in_present_day_administrative_territorial_entity
P3843	DLV_athlete_ID
P3844	Deutsche_Synchronkartei_film_ID
P3845	TV_Guide_person_ID
P3846	DBC_author_ID
P3847	Open_Library_subject_ID
P3848	Irish_Rugby_Football_Union_ID
P3849	LombardiaBeniCulturali_institution_ID
P3850	LombardiaBeniCulturali_toponym_ID
P3851	cinenacional_com_movie_ID
P3852	FlyBase_Gene_ID
P3853	Rat_Genome_Database_ID
P3854	Soundtrack_Collector_ID
P3855	LombardiaBeniCulturali_artwork_ID
P3856	Quebec_municipalities_geographical_code
P3857	cinenacional_com_person_ID
P3858	route_diagram
P3859	Environment_Ontology_ID
P3860	Wormbase_Gene_ID
P3861	iTunes_app_ID
P3862	MyDramaList_name_ID
P3863	Italian_Navy_Lighthouses_and_Beacons_ID
P3864	suicide_rate
P3865	type_of_reference
P3866	LAWA_waterbody_ID
P3867	Israel_Chess_Federation_player_ID
P3868	MyDramaList_title_ID
P3869	IAFD_female_performer_ID
P3870	ZFIN_Gene_ID
P3871	tributary_orientation
P3872	patronage
P3874	Justia_Patents_inventor_ID
P3875	Justia_Patents_company_ID
P3876	category_for_alumni_of_educational_institution
P3877	HappyCow_restaurant_ID
P3878	Soundex
P3879	Cologne_phonetics
P3880	Caverphone
P3881	National_Track_and_Field_Hall_of_Fame_athlete_ID
P3882	Tilastopaja_female_athlete_ID
P3883	Red_Bull_athlete_ID
P3884	Tilastopaja_male_athlete_ID
P3885	History_of_Modern_Biomedicine_ID
P3886	number_of_perpetrators
P3887	KVAB_member_ID
P3888	Boijmans_artist_ID
P3889	Swiss_Federal_Archives_ID
P3890	MetaboLights_Compound_ID
P3891	observing_time_available
P3892	PictoRight_ID_Droit_de_suite
P3893	public_domain_date
P3894	OSTI_article_ID
P3895	INAO_product_ID
P3896	geoshape
P3897	Ladies_European_Tour_ID
P3898	Hotels_com_hotel_ID
P3899	Medium_username
P3900	CONICET_person_ID
P3901	ADAGP_artist_ID
P3902	had_as_last_meal
P3903	column
P3904	VIVC_grape_variety_ID
P3905	GINCO_ID
P3906	Ishim_ID
P3907	LoJ_peak_ID
P3908	Reprezentacija_ID
P3909	last_words
P3910	Bollywood_Hungama_person_ID
P3911	STW_Thesaurus_for_Economics_ID
P3912	newspaper_format
P3913	MobyGames_developer_ID
P3914	GuideStar_Israel_organization_ID
P3915	Athletics_Australia_athlete_ID
P3916	UNESCO_Thesaurus_ID
P3917	IPA_number_order
P3918	Repertoire_national_des_associations_identifier
P3919	contributed_to_published_work
P3920	Canadian_Coastguard_Lighthouse_ID
P3921	Wikidata_SPARQL_query_equivalent
P3922	light_sector
P3923	Diamond_League_athlete_ID
P3924	Track_and_Field_Statistics_female_athlete_ID
P3925	Track_and_Field_Statistics_male_athlete_ID
P3926	USATF_athlete_ID
P3927	eWRC_results_com_racer_ID
P3928	MotoGP_racer_ID
P3929	VandA_art_work_ID
P3930	Rallye_info_com_driver_or_co_driver_ID
P3931	copyright_owner
P3932	Digital_Valencian_Library_author_ID
P3933	Cinema_ID
P3934	face_value
P3935	Chamber_of_Deputies_of_Italy_ID
P3936	NFF_person_profile_ID
P3937	Reactome_pathway_ID
P3938	named_by
P3939	ESTC_citation_number
P3940	OlimpBase_Chess_Olympiad_player_ID
P3941	Israel_Antiquities_Authority_ID
P3942	Bmx_results_com_rider_ID
P3943	Tumblr_ID
P3944	Old_Bailey_Proceedings_ID
P3945	RANM_member_ID
P3946	Directorio_Grierson_ID
P3948	MLL_player_ID
P3949	Juwra_com_ID
P3950	narrower_external_class
P3951	BioRxiv_ID
P3952	Stereo_Ve_Mono_artist_ID
P3953	ALPG_golfer_ID
P3954	Italian_Senate_ID
P3955	NLL_player_ID
P3956	National_Academy_of_Medicine_France_MemberID
P3957	RealGM_basket_ball_player_ID
P3958	ENARD_athlete_ID
P3959	NNL_work_ID
P3960	Base_biographique_AUTOR_ID
P3961	Unifrance_film_ID
P3962	Global_Trade_Item_Number
P3963	Clochers_de_France_ID
P3964	BDCYL_authority_ID
P3965	Bridgeman_artist_ID
P3966	programming_paradigm
P3967	final_event
P3968	CETS_number
P3969	signed_form
P3970	channel_number
P3971	PASE_Domesday_person_ID
P3972	PASE_Domesday_place
P3973	PIM_authority_ID
P3974	nature_preserve_in_North_Rhine_Westphalia_ID
P3975	secretary_general
P3976	BVMC_work_ID
P3977	Songkick_venue_ID
P3978	IECIC_2015_ID
P3979	Unifrance_company_ID
P3980	Unifrance_person_ID
P3981	Misjonsarkiv_person_ID
P3982	TA98_Latin_term
P3983	sports_league_level
P3984	subreddit
P3985	supports_programming_language
P3986	Sequence_Ontology_ID
P3987	SHARE_Catalogue_author_ID
P3988	National_Library_Board_Singapore_ID
P3989	members_have_occupation
P3990	EKATTE_place_ID
P3991	Austrian_Textbook_ID
P3992	SSB_urban_settlement_number
P3993	Vitaskra_ID
P3994	racon_signal
P3995	Filmweb_pl_ID
P3996	Bait_La_Zemer_Ha_Ivri_song_ID
P3997	Bait_La_Zemer_Ha_Ivri_artist_ID
P4100	parliamentary_group
P3998	Censo_Guia_archive_ID
P3999	date_of_official_closure
P4000	has_fruit_type
P4001	Latvian_Protected_Nature_Territory_URL
P4002	WFD_Ecological_status
P4003	official_Facebook_page
P4004	shield_image
P4005	Bavarikon_ID
P4006	overrules
P4007	DBS_ID
P4008	Early_Aviators_people_ID
P4009	RKY_national_built_heritage_environment_ID
P4010	GDP_PPP_
P4011	Semantic_Scholar_paper_ID
P4012	Semantic_Scholar_author_ID
P4013	Giphy_username
P4014	Australian_Statistical_Geography_2011_ID
P4015	Vimeo_username
P4016	SlideShare_username
P4017	Ustream_username
P4018	The_Arabidopsis_Information_Resource_Accession
P4019	USL_player_ID
P4020	dimension
P4021	danskefilm_animated_film_ID
P4022	danskefilm_TV_series_ID
P4023	DFB_datacenter_player_ID
P4024	ADW_taxon_ID
P4025	Pinakothek_artist_ID
P4026	Cullum_number
P4027	DNCI_work_ID
P4028	Google_Scholar_paper_ID
P4029	Latvian_Protected_Nature_Territory_ID
P4030	PLU_Code
P4031	Hungarian_NGO_ID
P4032	reviewed_by
P4033	Mastodon_address
P4034	Shironet_artist_ID
P4035	Shironet_song_ID
P4036	field_of_view
P4037	South_Australian_Heritage_Register_Database_ID
P4038	Danish_List_of_Lights_and_Fog_signals_ID
P4039	Rock_com_ar_biography_ID
P4040	Rock_com_ar_artist_ID
P4041	Rock_com_ar_album_ID
P4042	ESBL_athlete_ID
P4043	emulates
P4044	therapeutic_area
P4045	Sandbox_Tabular_data
P4046	SIMC_place_ID
P4047	Sandbox_Geographic_shape
P4048	J_League_manager_ID
P4050	EspritBleu_athlete_ID
P4051	Ukrainian_regulations_base_ID
P4052	Academia_edu_institutional_ID
P4053	Deutsche_Olympiamannschaft_athlete_ID
P4054	Team_Canada_athlete_ID
P4055	Norwegian_List_of_Lights_ID
P4056	NZOC_athlete_ID
P4057	Irish_Sites_and_Monuments_Record_ID
P4058	FINESS_medical_facility_ID
P4059	Irish_National_Monument_ID
P4060	COB_athlete_ID
P4061	LTOK_athlete_ID
P4062	COV_athlete_ID
P4063	Team_USA_athlete_ID
P4065	COA_athlete_ID
P4066	MOB_athlete_ID
P4067	COSR_athlete_ID
P4068	CIS_Chinese_Athletes_Database_ID
P4069	CONI_athlete_ID
P4070	identifier_shared_with
P4071	Zemereshet_artist_ID
P4072	Zemereshet_song_ID
P4073	Wikia_wiki_ID
P4074	FFN_swimmer_ID
P4075	Czech_Monument_Catalogue_Number
P4076	WorldSBK_com_racer_identifier
P4077	Pizmonet_ID
P4078	SKIP_code
P4079	Theatres_Trust_Database_ID
P4080	number_of_houses
P4081	Biodiversity_Heritage_Library_creator_ID
P4082	image_captured_with
P4083	HFC_NPS_unit_ID
P4084	MyAnimeList_people_ID
P4085	MyAnimeList_character_ID
P4086	MyAnimeList_anime_ID
P4087	MyAnimeList_manga_ID
P4088	Irish_National_Inventory_of_Architectural_Heritage_ID
P4089	Global_Terrorism_Database_ID
P4090	Biodiversity_Repository_ID
P4091	Irish_Grid_Reference
P4092	checksum
P4093	Australian_Statistical_Geography_2016_ID
P4094	Australian_Standard_Geographic_Classification_2006_ID
P4095	Principal_Galaxies_Catalogue_ID
P4096	RePEc_institute_ID
P4097	MuseScore_ID
P4098	BVMC_place_id
P4099	metrically_compatible_typeface
